interval,event,switch,switch_name,port,target_type,target_index,flowlet_id,source_terminal,destination_terminal,creation_interval,age_intervals,capacity_gbit,queued_before_gbit,send_gbit,remaining_after_gbit,dropped_gbit
1,stage_arrival,0,VLAN4012,1,terminal,1,2001,0,1,0,1,10,0,0,3.35007,0
2,stage_arrival,0,VLAN4012,1,terminal,1,2001,0,1,0,2,10,0,0,3.35007,0
3,stage_arrival,0,VLAN4012,1,terminal,1,2001,0,1,0,3,10,0,0,3.35007,0
4,stage_arrival,0,VLAN4012,1,terminal,1,2001,0,1,0,4,10,0,0,3.35007,0
5,stage_arrival,0,VLAN4012,1,terminal,1,2001,0,1,0,5,10,0,0,3.35007,0
1,allocate_send_arrival,0,VLAN4012,1,terminal,1,2001,0,1,0,1,10,0,2,1.35007,0
1,enqueue_residual,0,VLAN4012,1,terminal,1,2001,0,1,0,1,10,0,0,1.35007,0
1,allocate_send_arrival,0,VLAN4012,1,terminal,1,2001,0,1,0,1,10,0,2,1.35007,0
1,enqueue_residual,0,VLAN4012,1,terminal,1,2001,0,1,0,1,10,0,0,1.35007,0
1,allocate_send_arrival,0,VLAN4012,1,terminal,1,2001,0,1,0,1,10,0,2,1.35007,0
1,enqueue_residual,0,VLAN4012,1,terminal,1,2001,0,1,0,1,10,0,0,1.35007,0
1,allocate_send_arrival,0,VLAN4012,1,terminal,1,2001,0,1,0,1,10,0,2,1.35007,0
1,enqueue_residual,0,VLAN4012,1,terminal,1,2001,0,1,0,1,10,0,0,1.35007,0
1,allocate_send_arrival,0,VLAN4012,1,terminal,1,2001,0,1,0,1,10,0,2,1.35007,0
1,enqueue_residual,0,VLAN4012,1,terminal,1,2001,0,1,0,1,10,0,0,1.35007,0
2,allocate_send_buffered,0,VLAN4012,1,terminal,1,2001,0,1,0,2,10,6.75037,6.75037,0,0
6,stage_arrival,0,VLAN4012,1,terminal,1,2001,0,1,0,6,10,0,0,3.35007,0
2,allocate_send_arrival,0,VLAN4012,1,terminal,1,2001,0,1,0,2,10,0,3.24963,0.100447,0
2,enqueue_residual,0,VLAN4012,1,terminal,1,2001,0,1,0,2,10,0,0,0.100447,0
3,allocate_send_buffered,0,VLAN4012,1,terminal,1,2001,0,1,0,3,10,0.100447,0.100447,0,0
7,stage_arrival,0,VLAN4012,1,terminal,1,2001,0,1,0,7,10,0,0,3.35007,0
8,stage_arrival,0,VLAN4012,1,terminal,1,2001,0,1,0,8,10,0,0,3.35007,0
4,allocate_send_arrival,0,VLAN4012,1,terminal,1,2001,0,1,0,4,10,0,3.35007,0,0
4,allocate_send_arrival,0,VLAN4012,1,terminal,1,2001,0,1,0,4,10,0,3.35007,0,0
9,stage_arrival,0,VLAN4012,1,terminal,1,2001,0,1,0,9,10,0,0,3.35007,0
5,allocate_send_arrival,0,VLAN4012,1,terminal,1,2001,0,1,0,5,10,0,3.35007,0,0
10,stage_arrival,0,VLAN4012,1,terminal,1,2001,0,1,0,10,10,0,0,3.35007,0
6,allocate_send_arrival,0,VLAN4012,1,terminal,1,2001,0,1,0,6,10,0,3.35007,0,0
11,stage_arrival,0,VLAN4012,1,terminal,1,2001,0,1,0,11,10,0,0,3.28994,0
7,allocate_send_arrival,0,VLAN4012,1,terminal,1,2001,0,1,0,7,10,0,3.28994,0,0
12,stage_arrival,0,VLAN4012,1,terminal,1,2001,0,1,0,12,10,0,0,3.28994,0
13,stage_arrival,0,VLAN4012,1,terminal,1,2001,0,1,0,13,10,0,0,3.28994,0
9,allocate_send_arrival,0,VLAN4012,1,terminal,1,2001,0,1,0,9,10,0,3.28994,0,0
9,allocate_send_arrival,0,VLAN4012,1,terminal,1,2001,0,1,0,9,10,0,3.28994,0,0
14,stage_arrival,0,VLAN4012,1,terminal,1,2001,0,1,0,14,10,0,0,3.28994,0
10,allocate_send_arrival,0,VLAN4012,1,terminal,1,2001,0,1,0,10,10,0,3.28994,0,0
15,stage_arrival,0,VLAN4012,1,terminal,1,2001,0,1,0,15,10,0,0,3.28994,0
11,allocate_send_arrival,0,VLAN4012,1,terminal,1,2001,0,1,0,11,10,0,3.28994,0,0
16,stage_arrival,0,VLAN4012,1,terminal,1,2001,0,1,0,16,10,0,0,3.28994,0
12,allocate_send_arrival,0,VLAN4012,1,terminal,1,2001,0,1,0,12,10,0,3.28994,0,0
17,stage_arrival,0,VLAN4012,1,terminal,1,2001,0,1,0,17,10,0,0,3.28994,0
14,allocate_send_arrival,0,VLAN4012,1,terminal,1,2001,0,1,0,14,10,0,3.28994,0,0
18,stage_arrival,0,VLAN4012,1,terminal,1,2001,0,1,0,18,10,0,0,3.28994,0
15,allocate_send_arrival,0,VLAN4012,1,terminal,1,2001,0,1,0,15,10,0,3.28994,0,0
19,stage_arrival,0,VLAN4012,1,terminal,1,2001,0,1,0,19,10,0,0,3.28994,0
16,allocate_send_arrival,0,VLAN4012,1,terminal,1,2001,0,1,0,16,10,0,3.28994,0,0
20,stage_arrival,0,VLAN4012,1,terminal,1,2001,0,1,0,20,10,0,0,3.28994,0
17,allocate_send_arrival,0,VLAN4012,1,terminal,1,2001,0,1,0,17,10,0,3.28994,0,0
21,stage_arrival,0,VLAN4012,1,terminal,1,2001,0,1,0,21,10,0,0,3.27277,0
18,allocate_send_arrival,0,VLAN4012,1,terminal,1,2001,0,1,0,18,10,0,3.27277,0,0
22,stage_arrival,0,VLAN4012,1,terminal,1,2001,0,1,0,22,10,0,0,3.27277,0
19,allocate_send_arrival,0,VLAN4012,1,terminal,1,2001,0,1,0,19,10,0,3.27277,0,0
23,stage_arrival,0,VLAN4012,1,terminal,1,2001,0,1,0,23,10,0,0,3.27277,0
20,allocate_send_arrival,0,VLAN4012,1,terminal,1,2001,0,1,0,20,10,0,3.27277,0,0
24,stage_arrival,0,VLAN4012,1,terminal,1,2001,0,1,0,24,10,0,0,3.27277,0
21,allocate_send_arrival,0,VLAN4012,1,terminal,1,2001,0,1,0,21,10,0,3.27277,0,0
25,stage_arrival,0,VLAN4012,1,terminal,1,2001,0,1,0,25,10,0,0,3.27277,0
26,stage_arrival,0,VLAN4012,1,terminal,1,2001,0,1,0,26,10,0,0,3.27277,0
22,allocate_send_arrival,0,VLAN4012,1,terminal,1,2001,0,1,0,22,10,0,3.27277,0,0
22,allocate_send_arrival,0,VLAN4012,1,terminal,1,2001,0,1,0,22,10,0,3.27277,0,0
27,stage_arrival,0,VLAN4012,1,terminal,1,2001,0,1,0,27,10,0,0,3.27277,0
23,allocate_send_arrival,0,VLAN4012,1,terminal,1,2001,0,1,0,23,10,0,3.27277,0,0
28,stage_arrival,0,VLAN4012,1,terminal,1,2001,0,1,0,28,10,0,0,3.27277,0
25,allocate_send_arrival,0,VLAN4012,1,terminal,1,2001,0,1,0,25,10,0,3.27277,0,0
29,stage_arrival,0,VLAN4012,1,terminal,1,2001,0,1,0,29,10,0,0,3.27277,0
26,allocate_send_arrival,0,VLAN4012,1,terminal,1,2001,0,1,0,26,10,0,3.27277,0,0
30,stage_arrival,0,VLAN4012,1,terminal,1,2001,0,1,0,30,10,0,0,3.27277,0
31,stage_arrival,0,VLAN4012,1,terminal,1,2001,0,1,0,31,10,0,0,3.27277,0
27,allocate_send_arrival,0,VLAN4012,1,terminal,1,2001,0,1,0,27,10,0,3.27277,0,0
27,allocate_send_arrival,0,VLAN4012,1,terminal,1,2001,0,1,0,27,10,0,3.27277,0,0
32,stage_arrival,0,VLAN4012,1,terminal,1,2001,0,1,0,32,10,0,0,3.27277,0
28,allocate_send_arrival,0,VLAN4012,1,terminal,1,2001,0,1,0,28,10,0,3.27277,0,0
33,stage_arrival,0,VLAN4012,1,terminal,1,2001,0,1,0,33,10,0,0,3.27277,0
30,allocate_send_arrival,0,VLAN4012,1,terminal,1,2001,0,1,0,30,10,0,3.27277,0,0
34,stage_arrival,0,VLAN4012,1,terminal,1,2001,0,1,0,34,10,0,0,3.27277,0
35,stage_arrival,0,VLAN4012,1,terminal,1,2001,0,1,0,35,10,0,0,3.27277,0
31,allocate_send_arrival,0,VLAN4012,1,terminal,1,2001,0,1,0,31,10,0,3.27277,0,0
31,allocate_send_arrival,0,VLAN4012,1,terminal,1,2001,0,1,0,31,10,0,3.27277,0,0
36,stage_arrival,0,VLAN4012,1,terminal,1,2001,0,1,0,36,10,0,0,3.27277,0
37,stage_arrival,0,VLAN4012,1,terminal,1,2001,0,1,0,37,10,0,0,3.27277,0
33,allocate_send_arrival,0,VLAN4012,1,terminal,1,2001,0,1,0,33,10,0,3.27277,0,0
33,allocate_send_arrival,0,VLAN4012,1,terminal,1,2001,0,1,0,33,10,0,3.27277,0,0
38,stage_arrival,0,VLAN4012,1,terminal,1,2001,0,1,0,38,10,0,0,3.27277,0
35,allocate_send_arrival,0,VLAN4012,1,terminal,1,2001,0,1,0,35,10,0,3.27277,0,0
39,stage_arrival,0,VLAN4012,1,terminal,1,2001,0,1,0,39,10,0,0,3.27277,0
40,stage_arrival,0,VLAN4012,1,terminal,1,2001,0,1,0,40,10,0,0,3.27277,0
36,allocate_send_arrival,0,VLAN4012,1,terminal,1,2001,0,1,0,36,10,0,3.27277,0,0
36,allocate_send_arrival,0,VLAN4012,1,terminal,1,2001,0,1,0,36,10,0,3.27277,0,0
41,stage_arrival,0,VLAN4012,1,terminal,1,2001,0,1,0,41,10,0,0,3.247,0
38,allocate_send_arrival,0,VLAN4012,1,terminal,1,2001,0,1,0,38,10,0,3.247,0,0
42,stage_arrival,0,VLAN4012,1,terminal,1,2001,0,1,0,42,10,0,0,3.247,0
43,stage_arrival,0,VLAN4012,1,terminal,1,2001,0,1,0,43,10,0,0,3.247,0
39,allocate_send_arrival,0,VLAN4012,1,terminal,1,2001,0,1,0,39,10,0,3.247,0,0
39,allocate_send_arrival,0,VLAN4012,1,terminal,1,2001,0,1,0,39,10,0,3.247,0,0
44,stage_arrival,0,VLAN4012,1,terminal,1,2001,0,1,0,44,10,0,0,3.247,0
45,stage_arrival,0,VLAN4012,1,terminal,1,2001,0,1,0,45,10,0,0,3.247,0
41,allocate_send_arrival,0,VLAN4012,1,terminal,1,2001,0,1,0,41,10,0,3.247,0,0
41,allocate_send_arrival,0,VLAN4012,1,terminal,1,2001,0,1,0,41,10,0,3.247,0,0
46,stage_arrival,0,VLAN4012,1,terminal,1,2001,0,1,0,46,10,0,0,3.247,0
43,allocate_send_arrival,0,VLAN4012,1,terminal,1,2001,0,1,0,43,10,0,3.247,0,0
47,stage_arrival,0,VLAN4012,1,terminal,1,2001,0,1,0,47,10,0,0,3.247,0
44,allocate_send_arrival,0,VLAN4012,1,terminal,1,2001,0,1,0,44,10,0,3.247,0,0
48,stage_arrival,0,VLAN4012,1,terminal,1,2001,0,1,0,48,10,0,0,3.247,0
45,allocate_send_arrival,0,VLAN4012,1,terminal,1,2001,0,1,0,45,10,0,3.247,0,0
49,stage_arrival,0,VLAN4012,1,terminal,1,2001,0,1,0,49,10,0,0,3.247,0
50,stage_arrival,0,VLAN4012,1,terminal,1,2001,0,1,0,50,10,0,0,3.247,0
46,allocate_send_arrival,0,VLAN4012,1,terminal,1,2001,0,1,0,46,10,0,3.247,0,0
46,allocate_send_arrival,0,VLAN4012,1,terminal,1,2001,0,1,0,46,10,0,3.247,0,0
51,stage_arrival,0,VLAN4012,1,terminal,1,2001,0,1,0,51,10,0,0,3.20405,0
48,allocate_send_arrival,0,VLAN4012,1,terminal,1,2001,0,1,0,48,10,0,3.20405,0,0
52,stage_arrival,0,VLAN4012,1,terminal,1,2001,0,1,0,52,10,0,0,3.20405,0
49,allocate_send_arrival,0,VLAN4012,1,terminal,1,2001,0,1,0,49,10,0,3.20405,0,0
53,stage_arrival,0,VLAN4012,1,terminal,1,2001,0,1,0,53,10,0,0,3.20405,0
50,allocate_send_arrival,0,VLAN4012,1,terminal,1,2001,0,1,0,50,10,0,3.20405,0,0
54,stage_arrival,0,VLAN4012,1,terminal,1,2001,0,1,0,54,10,0,0,3.20405,0
55,stage_arrival,0,VLAN4012,1,terminal,1,2001,0,1,0,55,10,0,0,3.20405,0
51,allocate_send_arrival,0,VLAN4012,1,terminal,1,2001,0,1,0,51,10,0,3.20405,0,0
51,allocate_send_arrival,0,VLAN4012,1,terminal,1,2001,0,1,0,51,10,0,3.20405,0,0
56,stage_arrival,0,VLAN4012,1,terminal,1,2001,0,1,0,56,10,0,0,3.20405,0
57,stage_arrival,0,VLAN4012,1,terminal,1,2001,0,1,0,57,10,0,0,3.20405,0
53,allocate_send_arrival,0,VLAN4012,1,terminal,1,2001,0,1,0,53,10,0,3.20405,0,0
53,allocate_send_arrival,0,VLAN4012,1,terminal,1,2001,0,1,0,53,10,0,3.20405,0,0
58,stage_arrival,0,VLAN4012,1,terminal,1,2001,0,1,0,58,10,0,0,3.20405,0
55,allocate_send_arrival,0,VLAN4012,1,terminal,1,2001,0,1,0,55,10,0,3.20405,0,0
59,stage_arrival,0,VLAN4012,1,terminal,1,2001,0,1,0,59,10,0,0,3.20405,0
60,stage_arrival,0,VLAN4012,1,terminal,1,2001,0,1,0,60,10,0,0,3.20405,0
56,allocate_send_arrival,0,VLAN4012,1,terminal,1,2001,0,1,0,56,10,0,3.20405,0,0
56,allocate_send_arrival,0,VLAN4012,1,terminal,1,2001,0,1,0,56,10,0,3.20405,0,0
61,stage_arrival,0,VLAN4012,1,terminal,1,2001,0,1,0,61,10,0,0,3.19546,0
58,allocate_send_arrival,0,VLAN4012,1,terminal,1,2001,0,1,0,58,10,0,3.19546,0,0
62,stage_arrival,0,VLAN4012,1,terminal,1,2001,0,1,0,62,10,0,0,3.19546,0
59,allocate_send_arrival,0,VLAN4012,1,terminal,1,2001,0,1,0,59,10,0,3.19546,0,0
63,stage_arrival,0,VLAN4012,1,terminal,1,2001,0,1,0,63,10,0,0,3.19546,0
60,allocate_send_arrival,0,VLAN4012,1,terminal,1,2001,0,1,0,60,10,0,3.19546,0,0
64,stage_arrival,0,VLAN4012,1,terminal,1,2001,0,1,0,64,10,0,0,3.19546,0
65,stage_arrival,0,VLAN4012,1,terminal,1,2001,0,1,0,65,10,0,0,3.19546,0
61,allocate_send_arrival,0,VLAN4012,1,terminal,1,2001,0,1,0,61,10,0,3.19546,0,0
61,allocate_send_arrival,0,VLAN4012,1,terminal,1,2001,0,1,0,61,10,0,3.19546,0,0
66,stage_arrival,0,VLAN4012,1,terminal,1,2001,0,1,0,66,10,0,0,3.19546,0
67,stage_arrival,0,VLAN4012,1,terminal,1,2001,0,1,0,67,10,0,0,3.19546,0
63,allocate_send_arrival,0,VLAN4012,1,terminal,1,2001,0,1,0,63,10,0,3.19546,0,0
63,allocate_send_arrival,0,VLAN4012,1,terminal,1,2001,0,1,0,63,10,0,3.19546,0,0
68,stage_arrival,0,VLAN4012,1,terminal,1,2001,0,1,0,68,10,0,0,3.19546,0
65,allocate_send_arrival,0,VLAN4012,1,terminal,1,2001,0,1,0,65,10,0,3.19546,0,0
69,stage_arrival,0,VLAN4012,1,terminal,1,2001,0,1,0,69,10,0,0,3.19546,0
70,stage_arrival,0,VLAN4012,1,terminal,1,2001,0,1,0,70,10,0,0,3.19546,0
66,allocate_send_arrival,0,VLAN4012,1,terminal,1,2001,0,1,0,66,10,0,3.19546,0,0
66,allocate_send_arrival,0,VLAN4012,1,terminal,1,2001,0,1,0,66,10,0,3.19546,0,0
71,stage_arrival,0,VLAN4012,1,terminal,1,2001,0,1,0,71,10,0,0,3.17828,0
68,allocate_send_arrival,0,VLAN4012,1,terminal,1,2001,0,1,0,68,10,0,3.17828,0,0
72,stage_arrival,0,VLAN4012,1,terminal,1,2001,0,1,0,72,10,0,0,3.17828,0
69,allocate_send_arrival,0,VLAN4012,1,terminal,1,2001,0,1,0,69,10,0,3.17828,0,0
73,stage_arrival,0,VLAN4012,1,terminal,1,2001,0,1,0,73,10,0,0,3.17828,0
70,allocate_send_arrival,0,VLAN4012,1,terminal,1,2001,0,1,0,70,10,0,3.17828,0,0
74,stage_arrival,0,VLAN4012,1,terminal,1,2001,0,1,0,74,10,0,0,3.17828,0
75,stage_arrival,0,VLAN4012,1,terminal,1,2001,0,1,0,75,10,0,0,3.17828,0
71,allocate_send_arrival,0,VLAN4012,1,terminal,1,2001,0,1,0,71,10,0,3.17828,0,0
71,allocate_send_arrival,0,VLAN4012,1,terminal,1,2001,0,1,0,71,10,0,3.17828,0,0
76,stage_arrival,0,VLAN4012,1,terminal,1,2001,0,1,0,76,10,0,0,3.17828,0
73,allocate_send_arrival,0,VLAN4012,1,terminal,1,2001,0,1,0,73,10,0,3.17828,0,0
77,stage_arrival,0,VLAN4012,1,terminal,1,2001,0,1,0,77,10,0,0,3.17828,0
74,allocate_send_arrival,0,VLAN4012,1,terminal,1,2001,0,1,0,74,10,0,3.17828,0,0
78,stage_arrival,0,VLAN4012,1,terminal,1,2001,0,1,0,78,10,0,0,3.17828,0
75,allocate_send_arrival,0,VLAN4012,1,terminal,1,2001,0,1,0,75,10,0,3.17828,0,0
79,stage_arrival,0,VLAN4012,1,terminal,1,2001,0,1,0,79,10,0,0,3.17828,0
80,stage_arrival,0,VLAN4012,1,terminal,1,2001,0,1,0,80,10,0,0,3.17828,0
76,allocate_send_arrival,0,VLAN4012,1,terminal,1,2001,0,1,0,76,10,0,3.17828,0,0
76,allocate_send_arrival,0,VLAN4012,1,terminal,1,2001,0,1,0,76,10,0,3.17828,0,0
81,stage_arrival,0,VLAN4012,1,terminal,1,2001,0,1,0,81,10,0,0,3.1611,0
77,allocate_send_arrival,0,VLAN4012,1,terminal,1,2001,0,1,0,77,10,0,3.1611,0,0
82,stage_arrival,0,VLAN4012,1,terminal,1,2001,0,1,0,82,10,0,0,3.1611,0
79,allocate_send_arrival,0,VLAN4012,1,terminal,1,2001,0,1,0,79,10,0,3.1611,0,0
83,stage_arrival,0,VLAN4012,1,terminal,1,2001,0,1,0,83,10,0,0,3.1611,0
84,stage_arrival,0,VLAN4012,1,terminal,1,2001,0,1,0,84,10,0,0,3.1611,0
80,allocate_send_arrival,0,VLAN4012,1,terminal,1,2001,0,1,0,80,10,0,3.1611,0,0
80,allocate_send_arrival,0,VLAN4012,1,terminal,1,2001,0,1,0,80,10,0,3.1611,0,0
85,stage_arrival,0,VLAN4012,1,terminal,1,2001,0,1,0,85,10,0,0,3.1611,0
86,stage_arrival,0,VLAN4012,1,terminal,1,2001,0,1,0,86,10,0,0,3.1611,0
82,allocate_send_arrival,0,VLAN4012,1,terminal,1,2001,0,1,0,82,10,0,3.1611,0,0
82,allocate_send_arrival,0,VLAN4012,1,terminal,1,2001,0,1,0,82,10,0,3.1611,0,0
87,stage_arrival,0,VLAN4012,1,terminal,1,2001,0,1,0,87,10,0,0,3.1611,0
84,allocate_send_arrival,0,VLAN4012,1,terminal,1,2001,0,1,0,84,10,0,3.1611,0,0
88,stage_arrival,0,VLAN4012,1,terminal,1,2001,0,1,0,88,10,0,0,3.1611,0
85,allocate_send_arrival,0,VLAN4012,1,terminal,1,2001,0,1,0,85,10,0,3.1611,0,0
89,stage_arrival,0,VLAN4012,1,terminal,1,2001,0,1,0,89,10,0,0,3.1611,0
86,allocate_send_arrival,0,VLAN4012,1,terminal,1,2001,0,1,0,86,10,0,3.1611,0,0
90,stage_arrival,0,VLAN4012,1,terminal,1,2001,0,1,0,90,10,0,0,3.1611,0
91,stage_arrival,0,VLAN4012,1,terminal,1,2001,0,1,0,91,10,0,0,3.16969,0
87,allocate_send_arrival,0,VLAN4012,1,terminal,1,2001,0,1,0,87,10,0,3.1611,0,0
87,allocate_send_arrival,0,VLAN4012,1,terminal,1,2001,0,1,0,87,10,0,3.16969,0,0
92,stage_arrival,0,VLAN4012,1,terminal,1,2001,0,1,0,92,10,0,0,3.16969,0
88,allocate_send_arrival,0,VLAN4012,1,terminal,1,2001,0,1,0,88,10,0,3.16969,0,0
93,stage_arrival,0,VLAN4012,1,terminal,1,2001,0,1,0,93,10,0,0,3.16969,0
94,stage_arrival,0,VLAN4012,1,terminal,1,2001,0,1,0,94,10,0,0,3.16969,0
90,allocate_send_arrival,0,VLAN4012,1,terminal,1,2001,0,1,0,90,10,0,3.16969,0,0
90,allocate_send_arrival,0,VLAN4012,1,terminal,1,2001,0,1,0,90,10,0,3.16969,0,0
95,stage_arrival,0,VLAN4012,1,terminal,1,2001,0,1,0,95,10,0,0,3.16969,0
91,allocate_send_arrival,0,VLAN4012,1,terminal,1,2001,0,1,0,91,10,0,3.16969,0,0
96,stage_arrival,0,VLAN4012,1,terminal,1,2001,0,1,0,96,10,0,0,3.16969,0
97,stage_arrival,0,VLAN4012,1,terminal,1,2001,0,1,0,97,10,0,0,3.16969,0
93,allocate_send_arrival,0,VLAN4012,1,terminal,1,2001,0,1,0,93,10,0,3.16969,0,0
93,allocate_send_arrival,0,VLAN4012,1,terminal,1,2001,0,1,0,93,10,0,3.16969,0,0
98,stage_arrival,0,VLAN4012,1,terminal,1,2001,0,1,0,98,10,0,0,3.16969,0
99,stage_arrival,0,VLAN4012,1,terminal,1,2001,0,1,0,99,10,0,0,3.16969,0
95,allocate_send_arrival,0,VLAN4012,1,terminal,1,2001,0,1,0,95,10,0,3.16969,0,0
95,allocate_send_arrival,0,VLAN4012,1,terminal,1,2001,0,1,0,95,10,0,3.16969,0,0
100,stage_arrival,0,VLAN4012,1,terminal,1,2001,0,1,0,100,10,0,0,3.16969,0
96,allocate_send_arrival,0,VLAN4012,1,terminal,1,2001,0,1,0,96,10,0,3.16969,0,0
101,stage_arrival,0,VLAN4012,1,terminal,1,2001,0,1,0,101,10,0,0,3.14392,0
97,allocate_send_arrival,0,VLAN4012,1,terminal,1,2001,0,1,0,97,10,0,3.14392,0,0
102,stage_arrival,0,VLAN4012,1,terminal,1,2001,0,1,0,102,10,0,0,3.14392,0
99,allocate_send_arrival,0,VLAN4012,1,terminal,1,2001,0,1,0,99,10,0,3.14392,0,0
103,stage_arrival,0,VLAN4012,1,terminal,1,2001,0,1,0,103,10,0,0,3.14392,0
104,stage_arrival,0,VLAN4012,1,terminal,1,2001,0,1,0,104,10,0,0,3.14392,0
100,allocate_send_arrival,0,VLAN4012,1,terminal,1,2001,0,1,0,100,10,0,3.14392,0,0
100,allocate_send_arrival,0,VLAN4012,1,terminal,1,2001,0,1,0,100,10,0,3.14392,0,0
105,stage_arrival,0,VLAN4012,1,terminal,1,2001,0,1,0,105,10,0,0,3.14392,0
101,allocate_send_arrival,0,VLAN4012,1,terminal,1,2001,0,1,0,101,10,0,3.14392,0,0
106,stage_arrival,0,VLAN4012,1,terminal,1,2001,0,1,0,106,10,0,0,3.14392,0
103,allocate_send_arrival,0,VLAN4012,1,terminal,1,2001,0,1,0,103,10,0,3.14392,0,0
107,stage_arrival,0,VLAN4012,1,terminal,1,2001,0,1,0,107,10,0,0,3.14392,0
104,allocate_send_arrival,0,VLAN4012,1,terminal,1,2001,0,1,0,104,10,0,3.14392,0,0
108,stage_arrival,0,VLAN4012,1,terminal,1,2001,0,1,0,108,10,0,0,3.14392,0
105,allocate_send_arrival,0,VLAN4012,1,terminal,1,2001,0,1,0,105,10,0,3.14392,0,0
109,stage_arrival,0,VLAN4012,1,terminal,1,2001,0,1,0,109,10,0,0,3.14392,0
110,stage_arrival,0,VLAN4012,1,terminal,1,2001,0,1,0,110,10,0,0,3.14392,0
106,allocate_send_arrival,0,VLAN4012,1,terminal,1,2001,0,1,0,106,10,0,3.14392,0,0
106,allocate_send_arrival,0,VLAN4012,1,terminal,1,2001,0,1,0,106,10,0,3.14392,0,0
111,stage_arrival,0,VLAN4012,1,terminal,1,2001,0,1,0,111,10,0,0,3.00648,0
112,stage_arrival,0,VLAN4012,1,terminal,1,2001,0,1,0,112,10,0,0,3.00648,0
108,allocate_send_arrival,0,VLAN4012,1,terminal,1,2001,0,1,0,108,10,0,3.00648,0,0
108,allocate_send_arrival,0,VLAN4012,1,terminal,1,2001,0,1,0,108,10,0,3.00648,0,0
113,stage_arrival,0,VLAN4012,1,terminal,1,2001,0,1,0,113,10,0,0,3.00648,0
109,allocate_send_arrival,0,VLAN4012,1,terminal,1,2001,0,1,0,109,10,0,3.00648,0,0
114,stage_arrival,0,VLAN4012,1,terminal,1,2001,0,1,0,114,10,0,0,3.00648,0
115,stage_arrival,0,VLAN4012,1,terminal,1,2001,0,1,0,115,10,0,0,3.00648,0
111,allocate_send_arrival,0,VLAN4012,1,terminal,1,2001,0,1,0,111,10,0,3.00648,0,0
111,allocate_send_arrival,0,VLAN4012,1,terminal,1,2001,0,1,0,111,10,0,3.00648,0,0
116,stage_arrival,0,VLAN4012,1,terminal,1,2001,0,1,0,116,10,0,0,3.00648,0
112,allocate_send_arrival,0,VLAN4012,1,terminal,1,2001,0,1,0,112,10,0,3.00648,0,0
117,stage_arrival,0,VLAN4012,1,terminal,1,2001,0,1,0,117,10,0,0,3.00648,0
113,allocate_send_arrival,0,VLAN4012,1,terminal,1,2001,0,1,0,113,10,0,3.00648,0,0
118,stage_arrival,0,VLAN4012,1,terminal,1,2001,0,1,0,118,10,0,0,3.00648,0
115,allocate_send_arrival,0,VLAN4012,1,terminal,1,2001,0,1,0,115,10,0,3.00648,0,0
119,stage_arrival,0,VLAN4012,1,terminal,1,2001,0,1,0,119,10,0,0,3.00648,0
120,stage_arrival,0,VLAN4012,1,terminal,1,2001,0,1,0,120,10,0,0,3.00648,0
116,allocate_send_arrival,0,VLAN4012,1,terminal,1,2001,0,1,0,116,10,0,3.00648,0,0
116,allocate_send_arrival,0,VLAN4012,1,terminal,1,2001,0,1,0,116,10,0,3.00648,0,0
121,stage_arrival,0,VLAN4012,1,terminal,1,2001,0,1,0,121,10,0,0,3.04084,0
117,allocate_send_arrival,0,VLAN4012,1,terminal,1,2001,0,1,0,117,10,0,3.04084,0,0
122,stage_arrival,0,VLAN4012,1,terminal,1,2001,0,1,0,122,10,0,0,3.04084,0
118,allocate_send_arrival,0,VLAN4012,1,terminal,1,2001,0,1,0,118,10,0,3.04084,0,0
123,stage_arrival,0,VLAN4012,1,terminal,1,2001,0,1,0,123,10,0,0,3.04084,0
124,stage_arrival,0,VLAN4012,1,terminal,1,2001,0,1,0,124,10,0,0,3.04084,0
120,allocate_send_arrival,0,VLAN4012,1,terminal,1,2001,0,1,0,120,10,0,3.04084,0,0
120,allocate_send_arrival,0,VLAN4012,1,terminal,1,2001,0,1,0,120,10,0,3.04084,0,0
125,stage_arrival,0,VLAN4012,1,terminal,1,2001,0,1,0,125,10,0,0,3.04084,0
121,allocate_send_arrival,0,VLAN4012,1,terminal,1,2001,0,1,0,121,10,0,3.04084,0,0
126,stage_arrival,0,VLAN4012,1,terminal,1,2001,0,1,0,126,10,0,0,3.04084,0
122,allocate_send_arrival,0,VLAN4012,1,terminal,1,2001,0,1,0,122,10,0,3.04084,0,0
127,stage_arrival,0,VLAN4012,1,terminal,1,2001,0,1,0,127,10,0,0,3.04084,0
124,allocate_send_arrival,0,VLAN4012,1,terminal,1,2001,0,1,0,124,10,0,3.04084,0,0
128,stage_arrival,0,VLAN4012,1,terminal,1,2001,0,1,0,128,10,0,0,3.04084,0
129,stage_arrival,0,VLAN4012,1,terminal,1,2001,0,1,0,129,10,0,0,3.04084,0
125,allocate_send_arrival,0,VLAN4012,1,terminal,1,2001,0,1,0,125,10,0,3.04084,0,0
125,allocate_send_arrival,0,VLAN4012,1,terminal,1,2001,0,1,0,125,10,0,3.04084,0,0
130,stage_arrival,0,VLAN4012,1,terminal,1,2001,0,1,0,130,10,0,0,3.04084,0
126,allocate_send_arrival,0,VLAN4012,1,terminal,1,2001,0,1,0,126,10,0,3.04084,0,0
131,stage_arrival,0,VLAN4012,1,terminal,1,2001,0,1,0,131,10,0,0,3.06661,0
128,allocate_send_arrival,0,VLAN4012,1,terminal,1,2001,0,1,0,128,10,0,3.06661,0,0
132,stage_arrival,0,VLAN4012,1,terminal,1,2001,0,1,0,132,10,0,0,3.06661,0
133,stage_arrival,0,VLAN4012,1,terminal,1,2001,0,1,0,133,10,0,0,3.06661,0
129,allocate_send_arrival,0,VLAN4012,1,terminal,1,2001,0,1,0,129,10,0,3.06661,0,0
129,allocate_send_arrival,0,VLAN4012,1,terminal,1,2001,0,1,0,129,10,0,3.06661,0,0
134,stage_arrival,0,VLAN4012,1,terminal,1,2001,0,1,0,134,10,0,0,3.06661,0
130,allocate_send_arrival,0,VLAN4012,1,terminal,1,2001,0,1,0,130,10,0,3.06661,0,0
135,stage_arrival,0,VLAN4012,1,terminal,1,2001,0,1,0,135,10,0,0,3.06661,0
131,allocate_send_arrival,0,VLAN4012,1,terminal,1,2001,0,1,0,131,10,0,3.06661,0,0
136,stage_arrival,0,VLAN4012,1,terminal,1,2001,0,1,0,136,10,0,0,3.06661,0
133,allocate_send_arrival,0,VLAN4012,1,terminal,1,2001,0,1,0,133,10,0,3.06661,0,0
137,stage_arrival,0,VLAN4012,1,terminal,1,2001,0,1,0,137,10,0,0,3.06661,0
134,allocate_send_arrival,0,VLAN4012,1,terminal,1,2001,0,1,0,134,10,0,3.06661,0,0
138,stage_arrival,0,VLAN4012,1,terminal,1,2001,0,1,0,138,10,0,0,3.06661,0
135,allocate_send_arrival,0,VLAN4012,1,terminal,1,2001,0,1,0,135,10,0,3.06661,0,0
139,stage_arrival,0,VLAN4012,1,terminal,1,2001,0,1,0,139,10,0,0,3.06661,0
140,stage_arrival,0,VLAN4012,1,terminal,1,2001,0,1,0,140,10,0,0,3.06661,0
136,allocate_send_arrival,0,VLAN4012,1,terminal,1,2001,0,1,0,136,10,0,3.06661,0,0
136,allocate_send_arrival,0,VLAN4012,1,terminal,1,2001,0,1,0,136,10,0,3.06661,0,0
141,stage_arrival,0,VLAN4012,1,terminal,1,2001,0,1,0,141,10,0,0,3.0752,0
137,allocate_send_arrival,0,VLAN4012,1,terminal,1,2001,0,1,0,137,10,0,3.0752,0,0
142,stage_arrival,0,VLAN4012,1,terminal,1,2001,0,1,0,142,10,0,0,3.0752,0
143,stage_arrival,0,VLAN4012,1,terminal,1,2001,0,1,0,143,10,0,0,3.0752,0
139,allocate_send_arrival,0,VLAN4012,1,terminal,1,2001,0,1,0,139,10,0,3.0752,0,0
139,allocate_send_arrival,0,VLAN4012,1,terminal,1,2001,0,1,0,139,10,0,3.0752,0,0
144,stage_arrival,0,VLAN4012,1,terminal,1,2001,0,1,0,144,10,0,0,3.0752,0
145,stage_arrival,0,VLAN4012,1,terminal,1,2001,0,1,0,145,10,0,0,3.0752,0
141,allocate_send_arrival,0,VLAN4012,1,terminal,1,2001,0,1,0,141,10,0,3.0752,0,0
141,allocate_send_arrival,0,VLAN4012,1,terminal,1,2001,0,1,0,141,10,0,3.0752,0,0
146,stage_arrival,0,VLAN4012,1,terminal,1,2001,0,1,0,146,10,0,0,3.0752,0
143,allocate_send_arrival,0,VLAN4012,1,terminal,1,2001,0,1,0,143,10,0,3.0752,0,0
147,stage_arrival,0,VLAN4012,1,terminal,1,2001,0,1,0,147,10,0,0,3.0752,0
148,stage_arrival,0,VLAN4012,1,terminal,1,2001,0,1,0,148,10,0,0,3.0752,0
144,allocate_send_arrival,0,VLAN4012,1,terminal,1,2001,0,1,0,144,10,0,3.0752,0,0
144,allocate_send_arrival,0,VLAN4012,1,terminal,1,2001,0,1,0,144,10,0,3.0752,0,0
149,stage_arrival,0,VLAN4012,1,terminal,1,2001,0,1,0,149,10,0,0,3.0752,0
145,allocate_send_arrival,0,VLAN4012,1,terminal,1,2001,0,1,0,145,10,0,3.0752,0,0
150,stage_arrival,0,VLAN4012,1,terminal,1,2001,0,1,0,150,10,0,0,3.0752,0
146,allocate_send_arrival,0,VLAN4012,1,terminal,1,2001,0,1,0,146,10,0,3.0752,0,0
151,stage_arrival,0,VLAN4012,1,terminal,1,2001,0,1,0,151,10,0,0,3.06661,0
147,allocate_send_arrival,0,VLAN4012,1,terminal,1,2001,0,1,0,147,10,0,3.06661,0,0
152,stage_arrival,0,VLAN4012,1,terminal,1,2001,0,1,0,152,10,0,0,3.06661,0
148,allocate_send_arrival,0,VLAN4012,1,terminal,1,2001,0,1,0,148,10,0,3.06661,0,0
153,stage_arrival,0,VLAN4012,1,terminal,1,2001,0,1,0,153,10,0,0,3.06661,0
149,allocate_send_arrival,0,VLAN4012,1,terminal,1,2001,0,1,0,149,10,0,3.06661,0,0
154,stage_arrival,0,VLAN4012,1,terminal,1,2001,0,1,0,154,10,0,0,3.06661,0
150,allocate_send_arrival,0,VLAN4012,1,terminal,1,2001,0,1,0,150,10,0,3.06661,0,0
155,stage_arrival,0,VLAN4012,1,terminal,1,2001,0,1,0,155,10,0,0,3.06661,0
151,allocate_send_arrival,0,VLAN4012,1,terminal,1,2001,0,1,0,151,10,0,3.06661,0,0
156,stage_arrival,0,VLAN4012,1,terminal,1,2001,0,1,0,156,10,0,0,3.06661,0
152,allocate_send_arrival,0,VLAN4012,1,terminal,1,2001,0,1,0,152,10,0,3.06661,0,0
157,stage_arrival,0,VLAN4012,1,terminal,1,2001,0,1,0,157,10,0,0,3.06661,0
153,allocate_send_arrival,0,VLAN4012,1,terminal,1,2001,0,1,0,153,10,0,3.06661,0,0
158,stage_arrival,0,VLAN4012,1,terminal,1,2001,0,1,0,158,10,0,0,3.06661,0
154,allocate_send_arrival,0,VLAN4012,1,terminal,1,2001,0,1,0,154,10,0,3.06661,0,0
159,stage_arrival,0,VLAN4012,1,terminal,1,2001,0,1,0,159,10,0,0,3.06661,0
160,stage_arrival,0,VLAN4012,1,terminal,1,2001,0,1,0,160,10,0,0,3.06661,0
156,allocate_send_arrival,0,VLAN4012,1,terminal,1,2001,0,1,0,156,10,0,3.06661,0,0
156,allocate_send_arrival,0,VLAN4012,1,terminal,1,2001,0,1,0,156,10,0,3.06661,0,0
161,stage_arrival,0,VLAN4012,1,terminal,1,2001,0,1,0,161,10,0,0,3.08379,0
162,stage_arrival,0,VLAN4012,1,terminal,1,2001,0,1,0,162,10,0,0,3.08379,0
158,allocate_send_arrival,0,VLAN4012,1,terminal,1,2001,0,1,0,158,10,0,3.08379,0,0
158,allocate_send_arrival,0,VLAN4012,1,terminal,1,2001,0,1,0,158,10,0,3.08379,0,0
163,stage_arrival,0,VLAN4012,1,terminal,1,2001,0,1,0,163,10,0,0,3.08379,0
159,allocate_send_arrival,0,VLAN4012,1,terminal,1,2001,0,1,0,159,10,0,3.08379,0,0
164,stage_arrival,0,VLAN4012,1,terminal,1,2001,0,1,0,164,10,0,0,3.08379,0
165,stage_arrival,0,VLAN4012,1,terminal,1,2001,0,1,0,165,10,0,0,3.08379,0
161,allocate_send_arrival,0,VLAN4012,1,terminal,1,2001,0,1,0,161,10,0,3.08379,0,0
161,allocate_send_arrival,0,VLAN4012,1,terminal,1,2001,0,1,0,161,10,0,3.08379,0,0
166,stage_arrival,0,VLAN4012,1,terminal,1,2001,0,1,0,166,10,0,0,3.08379,0
162,allocate_send_arrival,0,VLAN4012,1,terminal,1,2001,0,1,0,162,10,0,3.08379,0,0
167,stage_arrival,0,VLAN4012,1,terminal,1,2001,0,1,0,167,10,0,0,3.08379,0
163,allocate_send_arrival,0,VLAN4012,1,terminal,1,2001,0,1,0,163,10,0,3.08379,0,0
168,stage_arrival,0,VLAN4012,1,terminal,1,2001,0,1,0,168,10,0,0,3.08379,0
164,allocate_send_arrival,0,VLAN4012,1,terminal,1,2001,0,1,0,164,10,0,3.08379,0,0
169,stage_arrival,0,VLAN4012,1,terminal,1,2001,0,1,0,169,10,0,0,3.08379,0
170,stage_arrival,0,VLAN4012,1,terminal,1,2001,0,1,0,170,10,0,0,3.08379,0
166,allocate_send_arrival,0,VLAN4012,1,terminal,1,2001,0,1,0,166,10,0,3.08379,0,0
166,allocate_send_arrival,0,VLAN4012,1,terminal,1,2001,0,1,0,166,10,0,3.08379,0,0
171,stage_arrival,0,VLAN4012,1,terminal,1,2001,0,1,0,171,10,0,0,3.0752,0
172,stage_arrival,0,VLAN4012,1,terminal,1,2001,0,1,0,172,10,0,0,3.0752,0
168,allocate_send_arrival,0,VLAN4012,1,terminal,1,2001,0,1,0,168,10,0,3.0752,0,0
168,allocate_send_arrival,0,VLAN4012,1,terminal,1,2001,0,1,0,168,10,0,3.0752,0,0
173,stage_arrival,0,VLAN4012,1,terminal,1,2001,0,1,0,173,10,0,0,3.0752,0
169,allocate_send_arrival,0,VLAN4012,1,terminal,1,2001,0,1,0,169,10,0,3.0752,0,0
174,stage_arrival,0,VLAN4012,1,terminal,1,2001,0,1,0,174,10,0,0,3.0752,0
170,allocate_send_arrival,0,VLAN4012,1,terminal,1,2001,0,1,0,170,10,0,3.0752,0,0
175,stage_arrival,0,VLAN4012,1,terminal,1,2001,0,1,0,175,10,0,0,3.0752,0
171,allocate_send_arrival,0,VLAN4012,1,terminal,1,2001,0,1,0,171,10,0,3.0752,0,0
176,stage_arrival,0,VLAN4012,1,terminal,1,2001,0,1,0,176,10,0,0,3.0752,0
172,allocate_send_arrival,0,VLAN4012,1,terminal,1,2001,0,1,0,172,10,0,3.0752,0,0
177,stage_arrival,0,VLAN4012,1,terminal,1,2001,0,1,0,177,10,0,0,3.0752,0
173,allocate_send_arrival,0,VLAN4012,1,terminal,1,2001,0,1,0,173,10,0,3.0752,0,0
178,stage_arrival,0,VLAN4012,1,terminal,1,2001,0,1,0,178,10,0,0,3.0752,0
174,allocate_send_arrival,0,VLAN4012,1,terminal,1,2001,0,1,0,174,10,0,3.0752,0,0
179,stage_arrival,0,VLAN4012,1,terminal,1,2001,0,1,0,179,10,0,0,3.0752,0
175,allocate_send_arrival,0,VLAN4012,1,terminal,1,2001,0,1,0,175,10,0,3.0752,0,0
180,stage_arrival,0,VLAN4012,1,terminal,1,2001,0,1,0,180,10,0,0,3.0752,0
176,allocate_send_arrival,0,VLAN4012,1,terminal,1,2001,0,1,0,176,10,0,3.0752,0,0
181,stage_arrival,0,VLAN4012,1,terminal,1,2001,0,1,0,181,10,0,0,3.08379,0
177,allocate_send_arrival,0,VLAN4012,1,terminal,1,2001,0,1,0,177,10,0,3.08379,0,0
182,stage_arrival,0,VLAN4012,1,terminal,1,2001,0,1,0,182,10,0,0,3.08379,0
178,allocate_send_arrival,0,VLAN4012,1,terminal,1,2001,0,1,0,178,10,0,3.08379,0,0
183,stage_arrival,0,VLAN4012,1,terminal,1,2001,0,1,0,183,10,0,0,3.08379,0
179,allocate_send_arrival,0,VLAN4012,1,terminal,1,2001,0,1,0,179,10,0,3.08379,0,0
184,stage_arrival,0,VLAN4012,1,terminal,1,2001,0,1,0,184,10,0,0,3.08379,0
185,stage_arrival,0,VLAN4012,1,terminal,1,2001,0,1,0,185,10,0,0,3.08379,0
181,allocate_send_arrival,0,VLAN4012,1,terminal,1,2001,0,1,0,181,10,0,3.08379,0,0
181,allocate_send_arrival,0,VLAN4012,1,terminal,1,2001,0,1,0,181,10,0,3.08379,0,0
186,stage_arrival,0,VLAN4012,1,terminal,1,2001,0,1,0,186,10,0,0,3.08379,0
187,stage_arrival,0,VLAN4012,1,terminal,1,2001,0,1,0,187,10,0,0,3.08379,0
183,allocate_send_arrival,0,VLAN4012,1,terminal,1,2001,0,1,0,183,10,0,3.08379,0,0
183,allocate_send_arrival,0,VLAN4012,1,terminal,1,2001,0,1,0,183,10,0,3.08379,0,0
188,stage_arrival,0,VLAN4012,1,terminal,1,2001,0,1,0,188,10,0,0,3.08379,0
184,allocate_send_arrival,0,VLAN4012,1,terminal,1,2001,0,1,0,184,10,0,3.08379,0,0
189,stage_arrival,0,VLAN4012,1,terminal,1,2001,0,1,0,189,10,0,0,3.08379,0
190,stage_arrival,0,VLAN4012,1,terminal,1,2001,0,1,0,190,10,0,0,3.08379,0
186,allocate_send_arrival,0,VLAN4012,1,terminal,1,2001,0,1,0,186,10,0,3.08379,0,0
186,allocate_send_arrival,0,VLAN4012,1,terminal,1,2001,0,1,0,186,10,0,3.08379,0,0
191,stage_arrival,0,VLAN4012,1,terminal,1,2001,0,1,0,191,10,0,0,3.05802,0
188,allocate_send_arrival,0,VLAN4012,1,terminal,1,2001,0,1,0,188,10,0,3.05802,0,0
192,stage_arrival,0,VLAN4012,1,terminal,1,2001,0,1,0,192,10,0,0,3.05802,0
193,stage_arrival,0,VLAN4012,1,terminal,1,2001,0,1,0,193,10,0,0,3.05802,0
189,allocate_send_arrival,0,VLAN4012,1,terminal,1,2001,0,1,0,189,10,0,3.05802,0,0
189,allocate_send_arrival,0,VLAN4012,1,terminal,1,2001,0,1,0,189,10,0,3.05802,0,0
194,stage_arrival,0,VLAN4012,1,terminal,1,2001,0,1,0,194,10,0,0,3.05802,0
195,stage_arrival,0,VLAN4012,1,terminal,1,2001,0,1,0,195,10,0,0,3.05802,0
191,allocate_send_arrival,0,VLAN4012,1,terminal,1,2001,0,1,0,191,10,0,3.05802,0,0
191,allocate_send_arrival,0,VLAN4012,1,terminal,1,2001,0,1,0,191,10,0,3.05802,0,0
196,stage_arrival,0,VLAN4012,1,terminal,1,2001,0,1,0,196,10,0,0,3.05802,0
192,allocate_send_arrival,0,VLAN4012,1,terminal,1,2001,0,1,0,192,10,0,3.05802,0,0
197,stage_arrival,0,VLAN4012,1,terminal,1,2001,0,1,0,197,10,0,0,3.05802,0
198,stage_arrival,0,VLAN4012,1,terminal,1,2001,0,1,0,198,10,0,0,3.05802,0
194,allocate_send_arrival,0,VLAN4012,1,terminal,1,2001,0,1,0,194,10,0,3.05802,0,0
194,allocate_send_arrival,0,VLAN4012,1,terminal,1,2001,0,1,0,194,10,0,3.05802,0,0
199,stage_arrival,0,VLAN4012,1,terminal,1,2001,0,1,0,199,10,0,0,3.05802,0
200,stage_arrival,0,VLAN4012,1,terminal,1,2001,0,1,0,200,10,0,0,3.05802,0
196,allocate_send_arrival,0,VLAN4012,1,terminal,1,2001,0,1,0,196,10,0,3.05802,0,0
196,allocate_send_arrival,0,VLAN4012,1,terminal,1,2001,0,1,0,196,10,0,3.05802,0,0
201,stage_arrival,0,VLAN4012,1,terminal,1,2001,0,1,0,201,10,0,0,3.05802,0
197,allocate_send_arrival,0,VLAN4012,1,terminal,1,2001,0,1,0,197,10,0,3.05802,0,0
202,stage_arrival,0,VLAN4012,1,terminal,1,2001,0,1,0,202,10,0,0,3.05802,0
198,allocate_send_arrival,0,VLAN4012,1,terminal,1,2001,0,1,0,198,10,0,3.05802,0,0
203,stage_arrival,0,VLAN4012,1,terminal,1,2001,0,1,0,203,10,0,0,3.05802,0
199,allocate_send_arrival,0,VLAN4012,1,terminal,1,2001,0,1,0,199,10,0,3.05802,0,0
204,stage_arrival,0,VLAN4012,1,terminal,1,2001,0,1,0,204,10,0,0,3.05802,0
205,stage_arrival,0,VLAN4012,1,terminal,1,2001,0,1,0,205,10,0,0,3.05802,0
201,allocate_send_arrival,0,VLAN4012,1,terminal,1,2001,0,1,0,201,10,0,3.05802,0,0
201,allocate_send_arrival,0,VLAN4012,1,terminal,1,2001,0,1,0,201,10,0,3.05802,0,0
206,stage_arrival,0,VLAN4012,1,terminal,1,2001,0,1,0,206,10,0,0,3.05802,0
202,allocate_send_arrival,0,VLAN4012,1,terminal,1,2001,0,1,0,202,10,0,3.05802,0,0
207,stage_arrival,0,VLAN4012,1,terminal,1,2001,0,1,0,207,10,0,0,3.05802,0
208,stage_arrival,0,VLAN4012,1,terminal,1,2001,0,1,0,208,10,0,0,3.05802,0
204,allocate_send_arrival,0,VLAN4012,1,terminal,1,2001,0,1,0,204,10,0,3.05802,0,0
204,allocate_send_arrival,0,VLAN4012,1,terminal,1,2001,0,1,0,204,10,0,3.05802,0,0
209,stage_arrival,0,VLAN4012,1,terminal,1,2001,0,1,0,209,10,0,0,3.05802,0
205,allocate_send_arrival,0,VLAN4012,1,terminal,1,2001,0,1,0,205,10,0,3.05802,0,0
210,stage_arrival,0,VLAN4012,1,terminal,1,2001,0,1,0,210,10,0,0,3.05802,0
206,allocate_send_arrival,0,VLAN4012,1,terminal,1,2001,0,1,0,206,10,0,3.05802,0,0
211,stage_arrival,0,VLAN4012,1,terminal,1,2001,0,1,0,211,10,0,0,3.03225,0
207,allocate_send_arrival,0,VLAN4012,1,terminal,1,2001,0,1,0,207,10,0,3.03225,0,0
212,stage_arrival,0,VLAN4012,1,terminal,1,2001,0,1,0,212,10,0,0,3.03225,0
208,allocate_send_arrival,0,VLAN4012,1,terminal,1,2001,0,1,0,208,10,0,3.03225,0,0
213,stage_arrival,0,VLAN4012,1,terminal,1,2001,0,1,0,213,10,0,0,3.03225,0
209,allocate_send_arrival,0,VLAN4012,1,terminal,1,2001,0,1,0,209,10,0,3.03225,0,0
214,stage_arrival,0,VLAN4012,1,terminal,1,2001,0,1,0,214,10,0,0,3.03225,0
210,allocate_send_arrival,0,VLAN4012,1,terminal,1,2001,0,1,0,210,10,0,3.03225,0,0
215,stage_arrival,0,VLAN4012,1,terminal,1,2001,0,1,0,215,10,0,0,3.03225,0
211,allocate_send_arrival,0,VLAN4012,1,terminal,1,2001,0,1,0,211,10,0,3.03225,0,0
216,stage_arrival,0,VLAN4012,1,terminal,1,2001,0,1,0,216,10,0,0,3.03225,0
212,allocate_send_arrival,0,VLAN4012,1,terminal,1,2001,0,1,0,212,10,0,3.03225,0,0
217,stage_arrival,0,VLAN4012,1,terminal,1,2001,0,1,0,217,10,0,0,3.03225,0
213,allocate_send_arrival,0,VLAN4012,1,terminal,1,2001,0,1,0,213,10,0,3.03225,0,0
218,stage_arrival,0,VLAN4012,1,terminal,1,2001,0,1,0,218,10,0,0,3.03225,0
214,allocate_send_arrival,0,VLAN4012,1,terminal,1,2001,0,1,0,214,10,0,3.03225,0,0
219,stage_arrival,0,VLAN4012,1,terminal,1,2001,0,1,0,219,10,0,0,3.03225,0
220,stage_arrival,0,VLAN4012,1,terminal,1,2001,0,1,0,220,10,0,0,3.03225,0
216,allocate_send_arrival,0,VLAN4012,1,terminal,1,2001,0,1,0,216,10,0,3.03225,0,0
216,allocate_send_arrival,0,VLAN4012,1,terminal,1,2001,0,1,0,216,10,0,3.03225,0,0
221,stage_arrival,0,VLAN4012,1,terminal,1,2001,0,1,0,221,10,0,0,3.03225,0
217,allocate_send_arrival,0,VLAN4012,1,terminal,1,2001,0,1,0,217,10,0,3.03225,0,0
222,stage_arrival,0,VLAN4012,1,terminal,1,2001,0,1,0,222,10,0,0,3.03225,0
218,allocate_send_arrival,0,VLAN4012,1,terminal,1,2001,0,1,0,218,10,0,3.03225,0,0
223,stage_arrival,0,VLAN4012,1,terminal,1,2001,0,1,0,223,10,0,0,3.03225,0
219,allocate_send_arrival,0,VLAN4012,1,terminal,1,2001,0,1,0,219,10,0,3.03225,0,0
224,stage_arrival,0,VLAN4012,1,terminal,1,2001,0,1,0,224,10,0,0,3.03225,0
220,allocate_send_arrival,0,VLAN4012,1,terminal,1,2001,0,1,0,220,10,0,3.03225,0,0
225,stage_arrival,0,VLAN4012,1,terminal,1,2001,0,1,0,225,10,0,0,3.03225,0
221,allocate_send_arrival,0,VLAN4012,1,terminal,1,2001,0,1,0,221,10,0,3.03225,0,0
226,stage_arrival,0,VLAN4012,1,terminal,1,2001,0,1,0,226,10,0,0,3.03225,0
222,allocate_send_arrival,0,VLAN4012,1,terminal,1,2001,0,1,0,222,10,0,3.03225,0,0
227,stage_arrival,0,VLAN4012,1,terminal,1,2001,0,1,0,227,10,0,0,3.03225,0
223,allocate_send_arrival,0,VLAN4012,1,terminal,1,2001,0,1,0,223,10,0,3.03225,0,0
228,stage_arrival,0,VLAN4012,1,terminal,1,2001,0,1,0,228,10,0,0,3.03225,0
224,allocate_send_arrival,0,VLAN4012,1,terminal,1,2001,0,1,0,224,10,0,3.03225,0,0
229,stage_arrival,0,VLAN4012,1,terminal,1,2001,0,1,0,229,10,0,0,3.03225,0
230,stage_arrival,0,VLAN4012,1,terminal,1,2001,0,1,0,230,10,0,0,3.03225,0
226,allocate_send_arrival,0,VLAN4012,1,terminal,1,2001,0,1,0,226,10,0,3.03225,0,0
226,allocate_send_arrival,0,VLAN4012,1,terminal,1,2001,0,1,0,226,10,0,3.03225,0,0
231,stage_arrival,0,VLAN4012,1,terminal,1,2001,0,1,0,231,10,0,0,3.03225,0
227,allocate_send_arrival,0,VLAN4012,1,terminal,1,2001,0,1,0,227,10,0,3.03225,0,0
232,stage_arrival,0,VLAN4012,1,terminal,1,2001,0,1,0,232,10,0,0,3.03225,0
233,stage_arrival,0,VLAN4012,1,terminal,1,2001,0,1,0,233,10,0,0,3.03225,0
229,allocate_send_arrival,0,VLAN4012,1,terminal,1,2001,0,1,0,229,10,0,3.03225,0,0
229,allocate_send_arrival,0,VLAN4012,1,terminal,1,2001,0,1,0,229,10,0,3.03225,0,0
234,stage_arrival,0,VLAN4012,1,terminal,1,2001,0,1,0,234,10,0,0,3.03225,0
230,allocate_send_arrival,0,VLAN4012,1,terminal,1,2001,0,1,0,230,10,0,3.03225,0,0
235,stage_arrival,0,VLAN4012,1,terminal,1,2001,0,1,0,235,10,0,0,3.03225,0
231,allocate_send_arrival,0,VLAN4012,1,terminal,1,2001,0,1,0,231,10,0,3.03225,0,0
236,stage_arrival,0,VLAN4012,1,terminal,1,2001,0,1,0,236,10,0,0,3.03225,0
232,allocate_send_arrival,0,VLAN4012,1,terminal,1,2001,0,1,0,232,10,0,3.03225,0,0
237,stage_arrival,0,VLAN4012,1,terminal,1,2001,0,1,0,237,10,0,0,3.03225,0
233,allocate_send_arrival,0,VLAN4012,1,terminal,1,2001,0,1,0,233,10,0,3.03225,0,0
238,stage_arrival,0,VLAN4012,1,terminal,1,2001,0,1,0,238,10,0,0,3.03225,0
234,allocate_send_arrival,0,VLAN4012,1,terminal,1,2001,0,1,0,234,10,0,3.03225,0,0
239,stage_arrival,0,VLAN4012,1,terminal,1,2001,0,1,0,239,10,0,0,3.03225,0
235,allocate_send_arrival,0,VLAN4012,1,terminal,1,2001,0,1,0,235,10,0,3.03225,0,0
240,stage_arrival,0,VLAN4012,1,terminal,1,2001,0,1,0,240,10,0,0,3.03225,0
236,allocate_send_arrival,0,VLAN4012,1,terminal,1,2001,0,1,0,236,10,0,3.03225,0,0
241,stage_arrival,0,VLAN4012,1,terminal,1,2001,0,1,0,241,10,0,0,3.04084,0
237,allocate_send_arrival,0,VLAN4012,1,terminal,1,2001,0,1,0,237,10,0,3.04084,0,0
242,stage_arrival,0,VLAN4012,1,terminal,1,2001,0,1,0,242,10,0,0,3.04084,0
243,stage_arrival,0,VLAN4012,1,terminal,1,2001,0,1,0,243,10,0,0,3.04084,0
239,allocate_send_arrival,0,VLAN4012,1,terminal,1,2001,0,1,0,239,10,0,3.04084,0,0
239,allocate_send_arrival,0,VLAN4012,1,terminal,1,2001,0,1,0,239,10,0,3.04084,0,0
244,stage_arrival,0,VLAN4012,1,terminal,1,2001,0,1,0,244,10,0,0,3.04084,0
245,stage_arrival,0,VLAN4012,1,terminal,1,2001,0,1,0,245,10,0,0,3.04084,0
241,allocate_send_arrival,0,VLAN4012,1,terminal,1,2001,0,1,0,241,10,0,3.04084,0,0
241,allocate_send_arrival,0,VLAN4012,1,terminal,1,2001,0,1,0,241,10,0,3.04084,0,0
246,stage_arrival,0,VLAN4012,1,terminal,1,2001,0,1,0,246,10,0,0,3.04084,0
242,allocate_send_arrival,0,VLAN4012,1,terminal,1,2001,0,1,0,242,10,0,3.04084,0,0
247,stage_arrival,0,VLAN4012,1,terminal,1,2001,0,1,0,247,10,0,0,3.04084,0
243,allocate_send_arrival,0,VLAN4012,1,terminal,1,2001,0,1,0,243,10,0,3.04084,0,0
248,stage_arrival,0,VLAN4012,1,terminal,1,2001,0,1,0,248,10,0,0,3.04084,0
244,allocate_send_arrival,0,VLAN4012,1,terminal,1,2001,0,1,0,244,10,0,3.04084,0,0
249,stage_arrival,0,VLAN4012,1,terminal,1,2001,0,1,0,249,10,0,0,3.04084,0
250,stage_arrival,0,VLAN4012,1,terminal,1,2001,0,1,0,250,10,0,0,3.04084,0
246,allocate_send_arrival,0,VLAN4012,1,terminal,1,2001,0,1,0,246,10,0,3.04084,0,0
246,allocate_send_arrival,0,VLAN4012,1,terminal,1,2001,0,1,0,246,10,0,3.04084,0,0
251,stage_arrival,0,VLAN4012,1,terminal,1,2001,0,1,0,251,10,0,0,3.04943,0
247,allocate_send_arrival,0,VLAN4012,1,terminal,1,2001,0,1,0,247,10,0,3.04943,0,0
252,stage_arrival,0,VLAN4012,1,terminal,1,2001,0,1,0,252,10,0,0,3.04943,0
253,stage_arrival,0,VLAN4012,1,terminal,1,2001,0,1,0,253,10,0,0,3.04943,0
249,allocate_send_arrival,0,VLAN4012,1,terminal,1,2001,0,1,0,249,10,0,3.04943,0,0
249,allocate_send_arrival,0,VLAN4012,1,terminal,1,2001,0,1,0,249,10,0,3.04943,0,0
254,stage_arrival,0,VLAN4012,1,terminal,1,2001,0,1,0,254,10,0,0,3.04943,0
250,allocate_send_arrival,0,VLAN4012,1,terminal,1,2001,0,1,0,250,10,0,3.04943,0,0
255,stage_arrival,0,VLAN4012,1,terminal,1,2001,0,1,0,255,10,0,0,3.04943,0
251,allocate_send_arrival,0,VLAN4012,1,terminal,1,2001,0,1,0,251,10,0,3.04943,0,0
256,stage_arrival,0,VLAN4012,1,terminal,1,2001,0,1,0,256,10,0,0,3.04943,0
252,allocate_send_arrival,0,VLAN4012,1,terminal,1,2001,0,1,0,252,10,0,3.04943,0,0
257,stage_arrival,0,VLAN4012,1,terminal,1,2001,0,1,0,257,10,0,0,3.04943,0
258,stage_arrival,0,VLAN4012,1,terminal,1,2001,0,1,0,258,10,0,0,3.04943,0
254,allocate_send_arrival,0,VLAN4012,1,terminal,1,2001,0,1,0,254,10,0,3.04943,0,0
254,allocate_send_arrival,0,VLAN4012,1,terminal,1,2001,0,1,0,254,10,0,3.04943,0,0
259,stage_arrival,0,VLAN4012,1,terminal,1,2001,0,1,0,259,10,0,0,3.04943,0
255,allocate_send_arrival,0,VLAN4012,1,terminal,1,2001,0,1,0,255,10,0,3.04943,0,0
260,stage_arrival,0,VLAN4012,1,terminal,1,2001,0,1,0,260,10,0,0,3.04943,0
256,allocate_send_arrival,0,VLAN4012,1,terminal,1,2001,0,1,0,256,10,0,3.04943,0,0
261,stage_arrival,0,VLAN4012,1,terminal,1,2001,0,1,0,261,10,0,0,3.05802,0
257,allocate_send_arrival,0,VLAN4012,1,terminal,1,2001,0,1,0,257,10,0,3.05802,0,0
262,stage_arrival,0,VLAN4012,1,terminal,1,2001,0,1,0,262,10,0,0,3.05802,0
258,allocate_send_arrival,0,VLAN4012,1,terminal,1,2001,0,1,0,258,10,0,3.05802,0,0
263,stage_arrival,0,VLAN4012,1,terminal,1,2001,0,1,0,263,10,0,0,3.05802,0
259,allocate_send_arrival,0,VLAN4012,1,terminal,1,2001,0,1,0,259,10,0,3.05802,0,0
264,stage_arrival,0,VLAN4012,1,terminal,1,2001,0,1,0,264,10,0,0,3.05802,0
260,allocate_send_arrival,0,VLAN4012,1,terminal,1,2001,0,1,0,260,10,0,3.05802,0,0
265,stage_arrival,0,VLAN4012,1,terminal,1,2001,0,1,0,265,10,0,0,3.05802,0
261,allocate_send_arrival,0,VLAN4012,1,terminal,1,2001,0,1,0,261,10,0,3.05802,0,0
266,stage_arrival,0,VLAN4012,1,terminal,1,2001,0,1,0,266,10,0,0,3.05802,0
262,allocate_send_arrival,0,VLAN4012,1,terminal,1,2001,0,1,0,262,10,0,3.05802,0,0
267,stage_arrival,0,VLAN4012,1,terminal,1,2001,0,1,0,267,10,0,0,3.05802,0
268,stage_arrival,0,VLAN4012,1,terminal,1,2001,0,1,0,268,10,0,0,3.05802,0
264,allocate_send_arrival,0,VLAN4012,1,terminal,1,2001,0,1,0,264,10,0,3.05802,0,0
264,allocate_send_arrival,0,VLAN4012,1,terminal,1,2001,0,1,0,264,10,0,3.05802,0,0
269,stage_arrival,0,VLAN4012,1,terminal,1,2001,0,1,0,269,10,0,0,3.05802,0
265,allocate_send_arrival,0,VLAN4012,1,terminal,1,2001,0,1,0,265,10,0,3.05802,0,0
270,stage_arrival,0,VLAN4012,1,terminal,1,2001,0,1,0,270,10,0,0,3.05802,0
266,allocate_send_arrival,0,VLAN4012,1,terminal,1,2001,0,1,0,266,10,0,3.05802,0,0
271,stage_arrival,0,VLAN4012,1,terminal,1,2001,0,1,0,271,10,0,0,3.05802,0
267,allocate_send_arrival,0,VLAN4012,1,terminal,1,2001,0,1,0,267,10,0,3.05802,0,0
272,stage_arrival,0,VLAN4012,1,terminal,1,2001,0,1,0,272,10,0,0,3.05802,0
273,stage_arrival,0,VLAN4012,1,terminal,1,2001,0,1,0,273,10,0,0,3.05802,0
269,allocate_send_arrival,0,VLAN4012,1,terminal,1,2001,0,1,0,269,10,0,3.05802,0,0
269,allocate_send_arrival,0,VLAN4012,1,terminal,1,2001,0,1,0,269,10,0,3.05802,0,0
274,stage_arrival,0,VLAN4012,1,terminal,1,2001,0,1,0,274,10,0,0,3.05802,0
275,stage_arrival,0,VLAN4012,1,terminal,1,2001,0,1,0,275,10,0,0,3.05802,0
271,allocate_send_arrival,0,VLAN4012,1,terminal,1,2001,0,1,0,271,10,0,3.05802,0,0
271,allocate_send_arrival,0,VLAN4012,1,terminal,1,2001,0,1,0,271,10,0,3.05802,0,0
276,stage_arrival,0,VLAN4012,1,terminal,1,2001,0,1,0,276,10,0,0,3.05802,0
272,allocate_send_arrival,0,VLAN4012,1,terminal,1,2001,0,1,0,272,10,0,3.05802,0,0
277,stage_arrival,0,VLAN4012,1,terminal,1,2001,0,1,0,277,10,0,0,3.05802,0
273,allocate_send_arrival,0,VLAN4012,1,terminal,1,2001,0,1,0,273,10,0,3.05802,0,0
278,stage_arrival,0,VLAN4012,1,terminal,1,2001,0,1,0,278,10,0,0,3.05802,0
274,allocate_send_arrival,0,VLAN4012,1,terminal,1,2001,0,1,0,274,10,0,3.05802,0,0
279,stage_arrival,0,VLAN4012,1,terminal,1,2001,0,1,0,279,10,0,0,3.05802,0
275,allocate_send_arrival,0,VLAN4012,1,terminal,1,2001,0,1,0,275,10,0,3.05802,0,0
280,stage_arrival,0,VLAN4012,1,terminal,1,2001,0,1,0,280,10,0,0,3.05802,0
276,allocate_send_arrival,0,VLAN4012,1,terminal,1,2001,0,1,0,276,10,0,3.05802,0,0
281,stage_arrival,0,VLAN4012,1,terminal,1,2001,0,1,0,281,10,0,0,2.9893,0
277,allocate_send_arrival,0,VLAN4012,1,terminal,1,2001,0,1,0,277,10,0,2.9893,0,0
282,stage_arrival,0,VLAN4012,1,terminal,1,2001,0,1,0,282,10,0,0,2.9893,0
278,allocate_send_arrival,0,VLAN4012,1,terminal,1,2001,0,1,0,278,10,0,2.9893,0,0
283,stage_arrival,0,VLAN4012,1,terminal,1,2001,0,1,0,283,10,0,0,2.9893,0
279,allocate_send_arrival,0,VLAN4012,1,terminal,1,2001,0,1,0,279,10,0,2.9893,0,0
284,stage_arrival,0,VLAN4012,1,terminal,1,2001,0,1,0,284,10,0,0,2.9893,0
285,stage_arrival,0,VLAN4012,1,terminal,1,2001,0,1,0,285,10,0,0,2.9893,0
281,allocate_send_arrival,0,VLAN4012,1,terminal,1,2001,0,1,0,281,10,0,2.9893,0,0
281,allocate_send_arrival,0,VLAN4012,1,terminal,1,2001,0,1,0,281,10,0,2.9893,0,0
286,stage_arrival,0,VLAN4012,1,terminal,1,2001,0,1,0,286,10,0,0,2.9893,0
282,allocate_send_arrival,0,VLAN4012,1,terminal,1,2001,0,1,0,282,10,0,2.9893,0,0
287,stage_arrival,0,VLAN4012,1,terminal,1,2001,0,1,0,287,10,0,0,2.9893,0
288,stage_arrival,0,VLAN4012,1,terminal,1,2001,0,1,0,288,10,0,0,2.9893,0
284,allocate_send_arrival,0,VLAN4012,1,terminal,1,2001,0,1,0,284,10,0,2.9893,0,0
284,allocate_send_arrival,0,VLAN4012,1,terminal,1,2001,0,1,0,284,10,0,2.9893,0,0
289,stage_arrival,0,VLAN4012,1,terminal,1,2001,0,1,0,289,10,0,0,2.9893,0
285,allocate_send_arrival,0,VLAN4012,1,terminal,1,2001,0,1,0,285,10,0,2.9893,0,0
290,stage_arrival,0,VLAN4012,1,terminal,1,2001,0,1,0,290,10,0,0,2.9893,0
286,allocate_send_arrival,0,VLAN4012,1,terminal,1,2001,0,1,0,286,10,0,2.9893,0,0
291,stage_arrival,0,VLAN4012,1,terminal,1,2001,0,1,0,291,10,0,0,3.00648,0
287,allocate_send_arrival,0,VLAN4012,1,terminal,1,2001,0,1,0,287,10,0,3.00648,0,0
292,stage_arrival,0,VLAN4012,1,terminal,1,2001,0,1,0,292,10,0,0,3.00648,0
293,stage_arrival,0,VLAN4012,1,terminal,1,2001,0,1,0,293,10,0,0,3.00648,0
289,allocate_send_arrival,0,VLAN4012,1,terminal,1,2001,0,1,0,289,10,0,3.00648,0,0
289,allocate_send_arrival,0,VLAN4012,1,terminal,1,2001,0,1,0,289,10,0,3.00648,0,0
294,stage_arrival,0,VLAN4012,1,terminal,1,2001,0,1,0,294,10,0,0,3.00648,0
295,stage_arrival,0,VLAN4012,1,terminal,1,2001,0,1,0,295,10,0,0,3.00648,0
291,allocate_send_arrival,0,VLAN4012,1,terminal,1,2001,0,1,0,291,10,0,3.00648,0,0
291,allocate_send_arrival,0,VLAN4012,1,terminal,1,2001,0,1,0,291,10,0,3.00648,0,0
296,stage_arrival,0,VLAN4012,1,terminal,1,2001,0,1,0,296,10,0,0,3.00648,0
292,allocate_send_arrival,0,VLAN4012,1,terminal,1,2001,0,1,0,292,10,0,3.00648,0,0
297,stage_arrival,0,VLAN4012,1,terminal,1,2001,0,1,0,297,10,0,0,3.00648,0
298,stage_arrival,0,VLAN4012,1,terminal,1,2001,0,1,0,298,10,0,0,3.00648,0
294,allocate_send_arrival,0,VLAN4012,1,terminal,1,2001,0,1,0,294,10,0,3.00648,0,0
294,allocate_send_arrival,0,VLAN4012,1,terminal,1,2001,0,1,0,294,10,0,3.00648,0,0
299,stage_arrival,0,VLAN4012,1,terminal,1,2001,0,1,0,299,10,0,0,3.00648,0
300,stage_arrival,0,VLAN4012,1,terminal,1,2001,0,1,0,300,10,0,0,3.00648,0
296,allocate_send_arrival,0,VLAN4012,1,terminal,1,2001,0,1,0,296,10,0,3.00648,0,0
296,allocate_send_arrival,0,VLAN4012,1,terminal,1,2001,0,1,0,296,10,0,3.00648,0,0
301,stage_arrival,0,VLAN4012,1,terminal,1,2001,0,1,0,301,10,0,0,3.02366,0
297,allocate_send_arrival,0,VLAN4012,1,terminal,1,2001,0,1,0,297,10,0,3.02366,0,0
302,stage_arrival,0,VLAN4012,1,terminal,1,2001,0,1,0,302,10,0,0,3.02366,0
303,stage_arrival,0,VLAN4012,1,terminal,1,2001,0,1,0,303,10,0,0,3.02366,0
299,allocate_send_arrival,0,VLAN4012,1,terminal,1,2001,0,1,0,299,10,0,3.02366,0,0
299,allocate_send_arrival,0,VLAN4012,1,terminal,1,2001,0,1,0,299,10,0,3.02366,0,0
304,stage_arrival,0,VLAN4012,1,terminal,1,2001,0,1,0,304,10,0,0,3.02366,0
305,stage_arrival,0,VLAN4012,1,terminal,1,2001,0,1,0,305,10,0,0,3.02366,0
301,allocate_send_arrival,0,VLAN4012,1,terminal,1,2001,0,1,0,301,10,0,3.02366,0,0
301,allocate_send_arrival,0,VLAN4012,1,terminal,1,2001,0,1,0,301,10,0,3.02366,0,0
306,stage_arrival,0,VLAN4012,1,terminal,1,2001,0,1,0,306,10,0,0,3.02366,0
302,allocate_send_arrival,0,VLAN4012,1,terminal,1,2001,0,1,0,302,10,0,3.02366,0,0
307,stage_arrival,0,VLAN4012,1,terminal,1,2001,0,1,0,307,10,0,0,3.02366,0
303,allocate_send_arrival,0,VLAN4012,1,terminal,1,2001,0,1,0,303,10,0,3.02366,0,0
308,stage_arrival,0,VLAN4012,1,terminal,1,2001,0,1,0,308,10,0,0,3.02366,0
304,allocate_send_arrival,0,VLAN4012,1,terminal,1,2001,0,1,0,304,10,0,3.02366,0,0
309,stage_arrival,0,VLAN4012,1,terminal,1,2001,0,1,0,309,10,0,0,3.02366,0
305,allocate_send_arrival,0,VLAN4012,1,terminal,1,2001,0,1,0,305,10,0,3.02366,0,0
310,stage_arrival,0,VLAN4012,1,terminal,1,2001,0,1,0,310,10,0,0,3.02366,0
306,allocate_send_arrival,0,VLAN4012,1,terminal,1,2001,0,1,0,306,10,0,3.02366,0,0
311,stage_arrival,0,VLAN4012,1,terminal,1,2001,0,1,0,311,10,0,0,3.02366,0
307,allocate_send_arrival,0,VLAN4012,1,terminal,1,2001,0,1,0,307,10,0,3.02366,0,0
312,stage_arrival,0,VLAN4012,1,terminal,1,2001,0,1,0,312,10,0,0,3.02366,0
313,stage_arrival,0,VLAN4012,1,terminal,1,2001,0,1,0,313,10,0,0,3.02366,0
309,allocate_send_arrival,0,VLAN4012,1,terminal,1,2001,0,1,0,309,10,0,3.02366,0,0
309,allocate_send_arrival,0,VLAN4012,1,terminal,1,2001,0,1,0,309,10,0,3.02366,0,0
314,stage_arrival,0,VLAN4012,1,terminal,1,2001,0,1,0,314,10,0,0,3.02366,0
315,stage_arrival,0,VLAN4012,1,terminal,1,2001,0,1,0,315,10,0,0,3.02366,0
311,allocate_send_arrival,0,VLAN4012,1,terminal,1,2001,0,1,0,311,10,0,3.02366,0,0
311,allocate_send_arrival,0,VLAN4012,1,terminal,1,2001,0,1,0,311,10,0,3.02366,0,0
316,stage_arrival,0,VLAN4012,1,terminal,1,2001,0,1,0,316,10,0,0,3.02366,0
312,allocate_send_arrival,0,VLAN4012,1,terminal,1,2001,0,1,0,312,10,0,3.02366,0,0
317,stage_arrival,0,VLAN4012,1,terminal,1,2001,0,1,0,317,10,0,0,3.02366,0
318,stage_arrival,0,VLAN4012,1,terminal,1,2001,0,1,0,318,10,0,0,3.02366,0
314,allocate_send_arrival,0,VLAN4012,1,terminal,1,2001,0,1,0,314,10,0,3.02366,0,0
314,allocate_send_arrival,0,VLAN4012,1,terminal,1,2001,0,1,0,314,10,0,3.02366,0,0
319,stage_arrival,0,VLAN4012,1,terminal,1,2001,0,1,0,319,10,0,0,3.02366,0
320,stage_arrival,0,VLAN4012,1,terminal,1,2001,0,1,0,320,10,0,0,3.02366,0
316,allocate_send_arrival,0,VLAN4012,1,terminal,1,2001,0,1,0,316,10,0,3.02366,0,0
316,allocate_send_arrival,0,VLAN4012,1,terminal,1,2001,0,1,0,316,10,0,3.02366,0,0
321,stage_arrival,0,VLAN4012,1,terminal,1,2001,0,1,0,321,10,0,0,3.03225,0
318,allocate_send_arrival,0,VLAN4012,1,terminal,1,2001,0,1,0,318,10,0,3.03225,0,0
322,stage_arrival,0,VLAN4012,1,terminal,1,2001,0,1,0,322,10,0,0,3.03225,0
319,allocate_send_arrival,0,VLAN4012,1,terminal,1,2001,0,1,0,319,10,0,3.03225,0,0
323,stage_arrival,0,VLAN4012,1,terminal,1,2001,0,1,0,323,10,0,0,3.03225,0
324,stage_arrival,0,VLAN4012,1,terminal,1,2001,0,1,0,324,10,0,0,3.03225,0
320,allocate_send_arrival,0,VLAN4012,1,terminal,1,2001,0,1,0,320,10,0,3.03225,0,0
320,allocate_send_arrival,0,VLAN4012,1,terminal,1,2001,0,1,0,320,10,0,3.03225,0,0
325,stage_arrival,0,VLAN4012,1,terminal,1,2001,0,1,0,325,10,0,0,3.03225,0
321,allocate_send_arrival,0,VLAN4012,1,terminal,1,2001,0,1,0,321,10,0,3.03225,0,0
326,stage_arrival,0,VLAN4012,1,terminal,1,2001,0,1,0,326,10,0,0,3.03225,0
327,stage_arrival,0,VLAN4012,1,terminal,1,2001,0,1,0,327,10,0,0,3.03225,0
323,allocate_send_arrival,0,VLAN4012,1,terminal,1,2001,0,1,0,323,10,0,3.03225,0,0
323,allocate_send_arrival,0,VLAN4012,1,terminal,1,2001,0,1,0,323,10,0,3.03225,0,0
328,stage_arrival,0,VLAN4012,1,terminal,1,2001,0,1,0,328,10,0,0,3.03225,0
325,allocate_send_arrival,0,VLAN4012,1,terminal,1,2001,0,1,0,325,10,0,3.03225,0,0
329,stage_arrival,0,VLAN4012,1,terminal,1,2001,0,1,0,329,10,0,0,3.03225,0
326,allocate_send_arrival,0,VLAN4012,1,terminal,1,2001,0,1,0,326,10,0,3.03225,0,0
330,stage_arrival,0,VLAN4012,1,terminal,1,2001,0,1,0,330,10,0,0,3.03225,0
331,stage_arrival,0,VLAN4012,1,terminal,1,2001,0,1,0,331,10,0,0,3.03225,0
327,allocate_send_arrival,0,VLAN4012,1,terminal,1,2001,0,1,0,327,10,0,3.03225,0,0
327,allocate_send_arrival,0,VLAN4012,1,terminal,1,2001,0,1,0,327,10,0,3.03225,0,0
332,stage_arrival,0,VLAN4012,1,terminal,1,2001,0,1,0,332,10,0,0,3.03225,0
328,allocate_send_arrival,0,VLAN4012,1,terminal,1,2001,0,1,0,328,10,0,3.03225,0,0
333,stage_arrival,0,VLAN4012,1,terminal,1,2001,0,1,0,333,10,0,0,3.03225,0
334,stage_arrival,0,VLAN4012,1,terminal,1,2001,0,1,0,334,10,0,0,3.03225,0
330,allocate_send_arrival,0,VLAN4012,1,terminal,1,2001,0,1,0,330,10,0,3.03225,0,0
330,allocate_send_arrival,0,VLAN4012,1,terminal,1,2001,0,1,0,330,10,0,3.03225,0,0
335,stage_arrival,0,VLAN4012,1,terminal,1,2001,0,1,0,335,10,0,0,3.03225,0
336,stage_arrival,0,VLAN4012,1,terminal,1,2001,0,1,0,336,10,0,0,3.03225,0
332,allocate_send_arrival,0,VLAN4012,1,terminal,1,2001,0,1,0,332,10,0,3.03225,0,0
332,allocate_send_arrival,0,VLAN4012,1,terminal,1,2001,0,1,0,332,10,0,3.03225,0,0
337,stage_arrival,0,VLAN4012,1,terminal,1,2001,0,1,0,337,10,0,0,3.03225,0
333,allocate_send_arrival,0,VLAN4012,1,terminal,1,2001,0,1,0,333,10,0,3.03225,0,0
338,stage_arrival,0,VLAN4012,1,terminal,1,2001,0,1,0,338,10,0,0,3.03225,0
339,stage_arrival,0,VLAN4012,1,terminal,1,2001,0,1,0,339,10,0,0,3.03225,0
335,allocate_send_arrival,0,VLAN4012,1,terminal,1,2001,0,1,0,335,10,0,3.03225,0,0
335,allocate_send_arrival,0,VLAN4012,1,terminal,1,2001,0,1,0,335,10,0,3.03225,0,0
340,stage_arrival,0,VLAN4012,1,terminal,1,2001,0,1,0,340,10,0,0,3.03225,0
337,allocate_send_arrival,0,VLAN4012,1,terminal,1,2001,0,1,0,337,10,0,3.03225,0,0
341,stage_arrival,0,VLAN4012,1,terminal,1,2001,0,1,0,341,10,0,0,3.04084,0
338,allocate_send_arrival,0,VLAN4012,1,terminal,1,2001,0,1,0,338,10,0,3.04084,0,0
342,stage_arrival,0,VLAN4012,1,terminal,1,2001,0,1,0,342,10,0,0,3.04084,0
339,allocate_send_arrival,0,VLAN4012,1,terminal,1,2001,0,1,0,339,10,0,3.04084,0,0
343,stage_arrival,0,VLAN4012,1,terminal,1,2001,0,1,0,343,10,0,0,3.04084,0
340,allocate_send_arrival,0,VLAN4012,1,terminal,1,2001,0,1,0,340,10,0,3.04084,0,0
344,stage_arrival,0,VLAN4012,1,terminal,1,2001,0,1,0,344,10,0,0,3.04084,0
345,stage_arrival,0,VLAN4012,1,terminal,1,2001,0,1,0,345,10,0,0,3.04084,0
341,allocate_send_arrival,0,VLAN4012,1,terminal,1,2001,0,1,0,341,10,0,3.04084,0,0
341,allocate_send_arrival,0,VLAN4012,1,terminal,1,2001,0,1,0,341,10,0,3.04084,0,0
346,stage_arrival,0,VLAN4012,1,terminal,1,2001,0,1,0,346,10,0,0,3.04084,0
347,stage_arrival,0,VLAN4012,1,terminal,1,2001,0,1,0,347,10,0,0,3.04084,0
343,allocate_send_arrival,0,VLAN4012,1,terminal,1,2001,0,1,0,343,10,0,3.04084,0,0
343,allocate_send_arrival,0,VLAN4012,1,terminal,1,2001,0,1,0,343,10,0,3.04084,0,0
348,stage_arrival,0,VLAN4012,1,terminal,1,2001,0,1,0,348,10,0,0,3.04084,0
349,stage_arrival,0,VLAN4012,1,terminal,1,2001,0,1,0,349,10,0,0,3.04084,0
345,allocate_send_arrival,0,VLAN4012,1,terminal,1,2001,0,1,0,345,10,0,3.04084,0,0
345,allocate_send_arrival,0,VLAN4012,1,terminal,1,2001,0,1,0,345,10,0,3.04084,0,0
350,stage_arrival,0,VLAN4012,1,terminal,1,2001,0,1,0,350,10,0,0,3.04084,0
347,allocate_send_arrival,0,VLAN4012,1,terminal,1,2001,0,1,0,347,10,0,3.04084,0,0
351,stage_arrival,0,VLAN4012,1,terminal,1,2001,0,1,0,351,10,0,0,3.04943,0
352,stage_arrival,0,VLAN4012,1,terminal,1,2001,0,1,0,352,10,0,0,3.04943,0
348,allocate_send_arrival,0,VLAN4012,1,terminal,1,2001,0,1,0,348,10,0,3.04943,0,0
348,allocate_send_arrival,0,VLAN4012,1,terminal,1,2001,0,1,0,348,10,0,3.04943,0,0
353,stage_arrival,0,VLAN4012,1,terminal,1,2001,0,1,0,353,10,0,0,3.04943,0
354,stage_arrival,0,VLAN4012,1,terminal,1,2001,0,1,0,354,10,0,0,3.04943,0
350,allocate_send_arrival,0,VLAN4012,1,terminal,1,2001,0,1,0,350,10,0,3.04943,0,0
350,allocate_send_arrival,0,VLAN4012,1,terminal,1,2001,0,1,0,350,10,0,3.04943,0,0
355,stage_arrival,0,VLAN4012,1,terminal,1,2001,0,1,0,355,10,0,0,3.04943,0
352,allocate_send_arrival,0,VLAN4012,1,terminal,1,2001,0,1,0,352,10,0,3.04943,0,0
356,stage_arrival,0,VLAN4012,1,terminal,1,2001,0,1,0,356,10,0,0,3.04943,0
357,stage_arrival,0,VLAN4012,1,terminal,1,2001,0,1,0,357,10,0,0,3.04943,0
353,allocate_send_arrival,0,VLAN4012,1,terminal,1,2001,0,1,0,353,10,0,3.04943,0,0
353,allocate_send_arrival,0,VLAN4012,1,terminal,1,2001,0,1,0,353,10,0,3.04943,0,0
358,stage_arrival,0,VLAN4012,1,terminal,1,2001,0,1,0,358,10,0,0,3.04943,0
355,allocate_send_arrival,0,VLAN4012,1,terminal,1,2001,0,1,0,355,10,0,3.04943,0,0
359,stage_arrival,0,VLAN4012,1,terminal,1,2001,0,1,0,359,10,0,0,3.04943,0
356,allocate_send_arrival,0,VLAN4012,1,terminal,1,2001,0,1,0,356,10,0,3.04943,0,0
360,stage_arrival,0,VLAN4012,1,terminal,1,2001,0,1,0,360,10,0,0,3.04943,0
357,allocate_send_arrival,0,VLAN4012,1,terminal,1,2001,0,1,0,357,10,0,3.04943,0,0
361,stage_arrival,0,VLAN4012,1,terminal,1,2001,0,1,0,361,10,0,0,3.02366,0
362,stage_arrival,0,VLAN4012,1,terminal,1,2001,0,1,0,362,10,0,0,3.02366,0
358,allocate_send_arrival,0,VLAN4012,1,terminal,1,2001,0,1,0,358,10,0,3.02366,0,0
358,allocate_send_arrival,0,VLAN4012,1,terminal,1,2001,0,1,0,358,10,0,3.02366,0,0
363,stage_arrival,0,VLAN4012,1,terminal,1,2001,0,1,0,363,10,0,0,3.02366,0
360,allocate_send_arrival,0,VLAN4012,1,terminal,1,2001,0,1,0,360,10,0,3.02366,0,0
364,stage_arrival,0,VLAN4012,1,terminal,1,2001,0,1,0,364,10,0,0,3.02366,0
361,allocate_send_arrival,0,VLAN4012,1,terminal,1,2001,0,1,0,361,10,0,3.02366,0,0
365,stage_arrival,0,VLAN4012,1,terminal,1,2001,0,1,0,365,10,0,0,3.02366,0
362,allocate_send_arrival,0,VLAN4012,1,terminal,1,2001,0,1,0,362,10,0,3.02366,0,0
366,stage_arrival,0,VLAN4012,1,terminal,1,2001,0,1,0,366,10,0,0,3.02366,0
367,stage_arrival,0,VLAN4012,1,terminal,1,2001,0,1,0,367,10,0,0,3.02366,0
363,allocate_send_arrival,0,VLAN4012,1,terminal,1,2001,0,1,0,363,10,0,3.02366,0,0
363,allocate_send_arrival,0,VLAN4012,1,terminal,1,2001,0,1,0,363,10,0,3.02366,0,0
368,stage_arrival,0,VLAN4012,1,terminal,1,2001,0,1,0,368,10,0,0,3.02366,0
365,allocate_send_arrival,0,VLAN4012,1,terminal,1,2001,0,1,0,365,10,0,3.02366,0,0
369,stage_arrival,0,VLAN4012,1,terminal,1,2001,0,1,0,369,10,0,0,3.02366,0
370,stage_arrival,0,VLAN4012,1,terminal,1,2001,0,1,0,370,10,0,0,3.02366,0
366,allocate_send_arrival,0,VLAN4012,1,terminal,1,2001,0,1,0,366,10,0,3.02366,0,0
366,allocate_send_arrival,0,VLAN4012,1,terminal,1,2001,0,1,0,366,10,0,3.02366,0,0
371,stage_arrival,0,VLAN4012,1,terminal,1,2001,0,1,0,371,10,0,0,3.00648,0
367,allocate_send_arrival,0,VLAN4012,1,terminal,1,2001,0,1,0,367,10,0,3.00648,0,0
372,stage_arrival,0,VLAN4012,1,terminal,1,2001,0,1,0,372,10,0,0,3.00648,0
369,allocate_send_arrival,0,VLAN4012,1,terminal,1,2001,0,1,0,369,10,0,3.00648,0,0
373,stage_arrival,0,VLAN4012,1,terminal,1,2001,0,1,0,373,10,0,0,3.00648,0
374,stage_arrival,0,VLAN4012,1,terminal,1,2001,0,1,0,374,10,0,0,3.00648,0
370,allocate_send_arrival,0,VLAN4012,1,terminal,1,2001,0,1,0,370,10,0,3.00648,0,0
370,allocate_send_arrival,0,VLAN4012,1,terminal,1,2001,0,1,0,370,10,0,3.00648,0,0
375,stage_arrival,0,VLAN4012,1,terminal,1,2001,0,1,0,375,10,0,0,3.00648,0
372,allocate_send_arrival,0,VLAN4012,1,terminal,1,2001,0,1,0,372,10,0,3.00648,0,0
376,stage_arrival,0,VLAN4012,1,terminal,1,2001,0,1,0,376,10,0,0,3.00648,0
373,allocate_send_arrival,0,VLAN4012,1,terminal,1,2001,0,1,0,373,10,0,3.00648,0,0
377,stage_arrival,0,VLAN4012,1,terminal,1,2001,0,1,0,377,10,0,0,3.00648,0
374,allocate_send_arrival,0,VLAN4012,1,terminal,1,2001,0,1,0,374,10,0,3.00648,0,0
378,stage_arrival,0,VLAN4012,1,terminal,1,2001,0,1,0,378,10,0,0,3.00648,0
375,allocate_send_arrival,0,VLAN4012,1,terminal,1,2001,0,1,0,375,10,0,3.00648,0,0
379,stage_arrival,0,VLAN4012,1,terminal,1,2001,0,1,0,379,10,0,0,3.00648,0
376,allocate_send_arrival,0,VLAN4012,1,terminal,1,2001,0,1,0,376,10,0,3.00648,0,0
380,stage_arrival,0,VLAN4012,1,terminal,1,2001,0,1,0,380,10,0,0,3.00648,0
381,stage_arrival,0,VLAN4012,1,terminal,1,2001,0,1,0,381,10,0,0,2.99789,0
377,allocate_send_arrival,0,VLAN4012,1,terminal,1,2001,0,1,0,377,10,0,3.00648,0,0
377,allocate_send_arrival,0,VLAN4012,1,terminal,1,2001,0,1,0,377,10,0,2.99789,0,0
382,stage_arrival,0,VLAN4012,1,terminal,1,2001,0,1,0,382,10,0,0,2.99789,0
379,allocate_send_arrival,0,VLAN4012,1,terminal,1,2001,0,1,0,379,10,0,2.99789,0,0
383,stage_arrival,0,VLAN4012,1,terminal,1,2001,0,1,0,383,10,0,0,2.99789,0
380,allocate_send_arrival,0,VLAN4012,1,terminal,1,2001,0,1,0,380,10,0,2.99789,0,0
384,stage_arrival,0,VLAN4012,1,terminal,1,2001,0,1,0,384,10,0,0,2.99789,0
385,stage_arrival,0,VLAN4012,1,terminal,1,2001,0,1,0,385,10,0,0,2.99789,0
381,allocate_send_arrival,0,VLAN4012,1,terminal,1,2001,0,1,0,381,10,0,2.99789,0,0
381,allocate_send_arrival,0,VLAN4012,1,terminal,1,2001,0,1,0,381,10,0,2.99789,0,0
386,stage_arrival,0,VLAN4012,1,terminal,1,2001,0,1,0,386,10,0,0,2.99789,0
383,allocate_send_arrival,0,VLAN4012,1,terminal,1,2001,0,1,0,383,10,0,2.99789,0,0
387,stage_arrival,0,VLAN4012,1,terminal,1,2001,0,1,0,387,10,0,0,2.99789,0
384,allocate_send_arrival,0,VLAN4012,1,terminal,1,2001,0,1,0,384,10,0,2.99789,0,0
388,stage_arrival,0,VLAN4012,1,terminal,1,2001,0,1,0,388,10,0,0,2.99789,0
385,allocate_send_arrival,0,VLAN4012,1,terminal,1,2001,0,1,0,385,10,0,2.99789,0,0
389,stage_arrival,0,VLAN4012,1,terminal,1,2001,0,1,0,389,10,0,0,2.99789,0
390,stage_arrival,0,VLAN4012,1,terminal,1,2001,0,1,0,390,10,0,0,2.99789,0
386,allocate_send_arrival,0,VLAN4012,1,terminal,1,2001,0,1,0,386,10,0,2.99789,0,0
386,allocate_send_arrival,0,VLAN4012,1,terminal,1,2001,0,1,0,386,10,0,2.99789,0,0
391,stage_arrival,0,VLAN4012,1,terminal,1,2001,0,1,0,391,10,0,0,2.99789,0
387,allocate_send_arrival,0,VLAN4012,1,terminal,1,2001,0,1,0,387,10,0,2.99789,0,0
392,stage_arrival,0,VLAN4012,1,terminal,1,2001,0,1,0,392,10,0,0,2.99789,0
393,stage_arrival,0,VLAN4012,1,terminal,1,2001,0,1,0,393,10,0,0,2.99789,0
389,allocate_send_arrival,0,VLAN4012,1,terminal,1,2001,0,1,0,389,10,0,2.99789,0,0
389,allocate_send_arrival,0,VLAN4012,1,terminal,1,2001,0,1,0,389,10,0,2.99789,0,0
394,stage_arrival,0,VLAN4012,1,terminal,1,2001,0,1,0,394,10,0,0,2.99789,0
395,stage_arrival,0,VLAN4012,1,terminal,1,2001,0,1,0,395,10,0,0,2.99789,0
391,allocate_send_arrival,0,VLAN4012,1,terminal,1,2001,0,1,0,391,10,0,2.99789,0,0
391,allocate_send_arrival,0,VLAN4012,1,terminal,1,2001,0,1,0,391,10,0,2.99789,0,0
396,stage_arrival,0,VLAN4012,1,terminal,1,2001,0,1,0,396,10,0,0,2.99789,0
397,stage_arrival,0,VLAN4012,1,terminal,1,2001,0,1,0,397,10,0,0,2.99789,0
393,allocate_send_arrival,0,VLAN4012,1,terminal,1,2001,0,1,0,393,10,0,2.99789,0,0
393,allocate_send_arrival,0,VLAN4012,1,terminal,1,2001,0,1,0,393,10,0,2.99789,0,0
398,stage_arrival,0,VLAN4012,1,terminal,1,2001,0,1,0,398,10,0,0,2.99789,0
395,allocate_send_arrival,0,VLAN4012,1,terminal,1,2001,0,1,0,395,10,0,2.99789,0,0
399,stage_arrival,0,VLAN4012,1,terminal,1,2001,0,1,0,399,10,0,0,2.99789,0
400,stage_arrival,0,VLAN4012,1,terminal,1,2001,0,1,0,400,10,0,0,2.99789,0
396,allocate_send_arrival,0,VLAN4012,1,terminal,1,2001,0,1,0,396,10,0,2.99789,0,0
396,allocate_send_arrival,0,VLAN4012,1,terminal,1,2001,0,1,0,396,10,0,2.99789,0,0
401,stage_arrival,0,VLAN4012,1,terminal,1,2001,0,1,0,401,10,0,0,2.9893,0
398,allocate_send_arrival,0,VLAN4012,1,terminal,1,2001,0,1,0,398,10,0,2.9893,0,0
402,stage_arrival,0,VLAN4012,1,terminal,1,2001,0,1,0,402,10,0,0,2.9893,0
399,allocate_send_arrival,0,VLAN4012,1,terminal,1,2001,0,1,0,399,10,0,2.9893,0,0
403,stage_arrival,0,VLAN4012,1,terminal,1,2001,0,1,0,403,10,0,0,2.9893,0
400,allocate_send_arrival,0,VLAN4012,1,terminal,1,2001,0,1,0,400,10,0,2.9893,0,0
404,stage_arrival,0,VLAN4012,1,terminal,1,2001,0,1,0,404,10,0,0,2.9893,0
405,stage_arrival,0,VLAN4012,1,terminal,1,2001,0,1,0,405,10,0,0,2.9893,0
401,allocate_send_arrival,0,VLAN4012,1,terminal,1,2001,0,1,0,401,10,0,2.9893,0,0
401,allocate_send_arrival,0,VLAN4012,1,terminal,1,2001,0,1,0,401,10,0,2.9893,0,0
406,stage_arrival,0,VLAN4012,1,terminal,1,2001,0,1,0,406,10,0,0,2.9893,0
403,allocate_send_arrival,0,VLAN4012,1,terminal,1,2001,0,1,0,403,10,0,2.9893,0,0
407,stage_arrival,0,VLAN4012,1,terminal,1,2001,0,1,0,407,10,0,0,2.9893,0
408,stage_arrival,0,VLAN4012,1,terminal,1,2001,0,1,0,408,10,0,0,2.9893,0
404,allocate_send_arrival,0,VLAN4012,1,terminal,1,2001,0,1,0,404,10,0,2.9893,0,0
404,allocate_send_arrival,0,VLAN4012,1,terminal,1,2001,0,1,0,404,10,0,2.9893,0,0
409,stage_arrival,0,VLAN4012,1,terminal,1,2001,0,1,0,409,10,0,0,2.9893,0
410,stage_arrival,0,VLAN4012,1,terminal,1,2001,0,1,0,410,10,0,0,2.9893,0
406,allocate_send_arrival,0,VLAN4012,1,terminal,1,2001,0,1,0,406,10,0,2.9893,0,0
406,allocate_send_arrival,0,VLAN4012,1,terminal,1,2001,0,1,0,406,10,0,2.9893,0,0
411,stage_arrival,0,VLAN4012,1,terminal,1,2001,0,1,0,411,10,0,0,3.00648,0
408,allocate_send_arrival,0,VLAN4012,1,terminal,1,2001,0,1,0,408,10,0,3.00648,0,0
412,stage_arrival,0,VLAN4012,1,terminal,1,2001,0,1,0,412,10,0,0,3.00648,0
409,allocate_send_arrival,0,VLAN4012,1,terminal,1,2001,0,1,0,409,10,0,3.00648,0,0
413,stage_arrival,0,VLAN4012,1,terminal,1,2001,0,1,0,413,10,0,0,3.00648,0
410,allocate_send_arrival,0,VLAN4012,1,terminal,1,2001,0,1,0,410,10,0,3.00648,0,0
414,stage_arrival,0,VLAN4012,1,terminal,1,2001,0,1,0,414,10,0,0,3.00648,0
415,stage_arrival,0,VLAN4012,1,terminal,1,2001,0,1,0,415,10,0,0,3.00648,0
411,allocate_send_arrival,0,VLAN4012,1,terminal,1,2001,0,1,0,411,10,0,3.00648,0,0
411,allocate_send_arrival,0,VLAN4012,1,terminal,1,2001,0,1,0,411,10,0,3.00648,0,0
416,stage_arrival,0,VLAN4012,1,terminal,1,2001,0,1,0,416,10,0,0,3.00648,0
413,allocate_send_arrival,0,VLAN4012,1,terminal,1,2001,0,1,0,413,10,0,3.00648,0,0
417,stage_arrival,0,VLAN4012,1,terminal,1,2001,0,1,0,417,10,0,0,3.00648,0
414,allocate_send_arrival,0,VLAN4012,1,terminal,1,2001,0,1,0,414,10,0,3.00648,0,0
418,stage_arrival,0,VLAN4012,1,terminal,1,2001,0,1,0,418,10,0,0,3.00648,0
415,allocate_send_arrival,0,VLAN4012,1,terminal,1,2001,0,1,0,415,10,0,3.00648,0,0
419,stage_arrival,0,VLAN4012,1,terminal,1,2001,0,1,0,419,10,0,0,3.00648,0
420,stage_arrival,0,VLAN4012,1,terminal,1,2001,0,1,0,420,10,0,0,3.00648,0
416,allocate_send_arrival,0,VLAN4012,1,terminal,1,2001,0,1,0,416,10,0,3.00648,0,0
416,allocate_send_arrival,0,VLAN4012,1,terminal,1,2001,0,1,0,416,10,0,3.00648,0,0
421,stage_arrival,0,VLAN4012,1,terminal,1,2001,0,1,0,421,10,0,0,3.01507,0
417,allocate_send_arrival,0,VLAN4012,1,terminal,1,2001,0,1,0,417,10,0,3.01507,0,0
422,stage_arrival,0,VLAN4012,1,terminal,1,2001,0,1,0,422,10,0,0,3.01507,0
418,allocate_send_arrival,0,VLAN4012,1,terminal,1,2001,0,1,0,418,10,0,3.01507,0,0
423,stage_arrival,0,VLAN4012,1,terminal,1,2001,0,1,0,423,10,0,0,3.01507,0
420,allocate_send_arrival,0,VLAN4012,1,terminal,1,2001,0,1,0,420,10,0,3.01507,0,0
424,stage_arrival,0,VLAN4012,1,terminal,1,2001,0,1,0,424,10,0,0,3.01507,0
425,stage_arrival,0,VLAN4012,1,terminal,1,2001,0,1,0,425,10,0,0,3.01507,0
421,allocate_send_arrival,0,VLAN4012,1,terminal,1,2001,0,1,0,421,10,0,3.01507,0,0
421,allocate_send_arrival,0,VLAN4012,1,terminal,1,2001,0,1,0,421,10,0,3.01507,0,0
426,stage_arrival,0,VLAN4012,1,terminal,1,2001,0,1,0,426,10,0,0,3.01507,0
422,allocate_send_arrival,0,VLAN4012,1,terminal,1,2001,0,1,0,422,10,0,3.01507,0,0
427,stage_arrival,0,VLAN4012,1,terminal,1,2001,0,1,0,427,10,0,0,3.01507,0
423,allocate_send_arrival,0,VLAN4012,1,terminal,1,2001,0,1,0,423,10,0,3.01507,0,0
428,stage_arrival,0,VLAN4012,1,terminal,1,2001,0,1,0,428,10,0,0,3.01507,0
425,allocate_send_arrival,0,VLAN4012,1,terminal,1,2001,0,1,0,425,10,0,3.01507,0,0
429,stage_arrival,0,VLAN4012,1,terminal,1,2001,0,1,0,429,10,0,0,3.01507,0
426,allocate_send_arrival,0,VLAN4012,1,terminal,1,2001,0,1,0,426,10,0,3.01507,0,0
430,stage_arrival,0,VLAN4012,1,terminal,1,2001,0,1,0,430,10,0,0,3.01507,0
431,stage_arrival,0,VLAN4012,1,terminal,1,2001,0,1,0,431,10,0,0,3.00648,0
427,allocate_send_arrival,0,VLAN4012,1,terminal,1,2001,0,1,0,427,10,0,3.01507,4.54747e-16,0
427,allocate_send_arrival,0,VLAN4012,1,terminal,1,2001,0,1,0,427,10,0,3.00648,0,0
432,stage_arrival,0,VLAN4012,1,terminal,1,2001,0,1,0,432,10,0,0,3.00648,0
433,stage_arrival,0,VLAN4012,1,terminal,1,2001,0,1,0,433,10,0,0,3.00648,0
429,allocate_send_arrival,0,VLAN4012,1,terminal,1,2001,0,1,0,429,10,0,3.00648,0,0
429,allocate_send_arrival,0,VLAN4012,1,terminal,1,2001,0,1,0,429,10,0,3.00648,0,0
434,stage_arrival,0,VLAN4012,1,terminal,1,2001,0,1,0,434,10,0,0,3.00648,0
435,stage_arrival,0,VLAN4012,1,terminal,1,2001,0,1,0,435,10,0,0,3.00648,0
431,allocate_send_arrival,0,VLAN4012,1,terminal,1,2001,0,1,0,431,10,0,3.00648,0,0
431,allocate_send_arrival,0,VLAN4012,1,terminal,1,2001,0,1,0,431,10,0,3.00648,0,0
436,stage_arrival,0,VLAN4012,1,terminal,1,2001,0,1,0,436,10,0,0,3.00648,0
433,allocate_send_arrival,0,VLAN4012,1,terminal,1,2001,0,1,0,433,10,0,3.00648,0,0
437,stage_arrival,0,VLAN4012,1,terminal,1,2001,0,1,0,437,10,0,0,3.00648,0
438,stage_arrival,0,VLAN4012,1,terminal,1,2001,0,1,0,438,10,0,0,3.00648,0
434,allocate_send_arrival,0,VLAN4012,1,terminal,1,2001,0,1,0,434,10,0,3.00648,0,0
434,allocate_send_arrival,0,VLAN4012,1,terminal,1,2001,0,1,0,434,10,0,3.00648,0,0
439,stage_arrival,0,VLAN4012,1,terminal,1,2001,0,1,0,439,10,0,0,3.00648,0
440,stage_arrival,0,VLAN4012,1,terminal,1,2001,0,1,0,440,10,0,0,3.00648,0
436,allocate_send_arrival,0,VLAN4012,1,terminal,1,2001,0,1,0,436,10,0,3.00648,0,0
436,allocate_send_arrival,0,VLAN4012,1,terminal,1,2001,0,1,0,436,10,0,3.00648,0,0
441,stage_arrival,0,VLAN4012,1,terminal,1,2001,0,1,0,441,10,0,0,3.02366,0
442,stage_arrival,0,VLAN4012,1,terminal,1,2001,0,1,0,442,10,0,0,3.02366,0
438,allocate_send_arrival,0,VLAN4012,1,terminal,1,2001,0,1,0,438,10,0,3.02366,0,0
438,allocate_send_arrival,0,VLAN4012,1,terminal,1,2001,0,1,0,438,10,0,3.02366,0,0
443,stage_arrival,0,VLAN4012,1,terminal,1,2001,0,1,0,443,10,0,0,3.02366,0
440,allocate_send_arrival,0,VLAN4012,1,terminal,1,2001,0,1,0,440,10,0,3.02366,0,0
444,stage_arrival,0,VLAN4012,1,terminal,1,2001,0,1,0,444,10,0,0,3.02366,0
445,stage_arrival,0,VLAN4012,1,terminal,1,2001,0,1,0,445,10,0,0,3.02366,0
441,allocate_send_arrival,0,VLAN4012,1,terminal,1,2001,0,1,0,441,10,0,3.02366,0,0
441,allocate_send_arrival,0,VLAN4012,1,terminal,1,2001,0,1,0,441,10,0,3.02366,0,0
446,stage_arrival,0,VLAN4012,1,terminal,1,2001,0,1,0,446,10,0,0,3.02366,0
442,allocate_send_arrival,0,VLAN4012,1,terminal,1,2001,0,1,0,442,10,0,3.02366,0,0
447,stage_arrival,0,VLAN4012,1,terminal,1,2001,0,1,0,447,10,0,0,3.02366,0
443,allocate_send_arrival,0,VLAN4012,1,terminal,1,2001,0,1,0,443,10,0,3.02366,0,0
448,stage_arrival,0,VLAN4012,1,terminal,1,2001,0,1,0,448,10,0,0,3.02366,0
444,allocate_send_arrival,0,VLAN4012,1,terminal,1,2001,0,1,0,444,10,0,3.02366,0,0
449,stage_arrival,0,VLAN4012,1,terminal,1,2001,0,1,0,449,10,0,0,3.02366,0
446,allocate_send_arrival,0,VLAN4012,1,terminal,1,2001,0,1,0,446,10,0,3.02366,0,0
450,stage_arrival,0,VLAN4012,1,terminal,1,2001,0,1,0,450,10,0,0,3.02366,0
447,allocate_send_arrival,0,VLAN4012,1,terminal,1,2001,0,1,0,447,10,0,3.02366,0,0
451,stage_arrival,0,VLAN4012,1,terminal,1,2001,0,1,0,451,10,0,0,3.02366,0
452,stage_arrival,0,VLAN4012,1,terminal,1,2001,0,1,0,452,10,0,0,3.02366,0
448,allocate_send_arrival,0,VLAN4012,1,terminal,1,2001,0,1,0,448,10,0,3.02366,0,0
448,allocate_send_arrival,0,VLAN4012,1,terminal,1,2001,0,1,0,448,10,0,3.02366,0,0
453,stage_arrival,0,VLAN4012,1,terminal,1,2001,0,1,0,453,10,0,0,3.02366,0
449,allocate_send_arrival,0,VLAN4012,1,terminal,1,2001,0,1,0,449,10,0,3.02366,0,0
454,stage_arrival,0,VLAN4012,1,terminal,1,2001,0,1,0,454,10,0,0,3.02366,0
451,allocate_send_arrival,0,VLAN4012,1,terminal,1,2001,0,1,0,451,10,0,3.02366,0,0
455,stage_arrival,0,VLAN4012,1,terminal,1,2001,0,1,0,455,10,0,0,3.02366,0
452,allocate_send_arrival,0,VLAN4012,1,terminal,1,2001,0,1,0,452,10,0,3.02366,0,0
456,stage_arrival,0,VLAN4012,1,terminal,1,2001,0,1,0,456,10,0,0,3.02366,0
457,stage_arrival,0,VLAN4012,1,terminal,1,2001,0,1,0,457,10,0,0,3.02366,0
453,allocate_send_arrival,0,VLAN4012,1,terminal,1,2001,0,1,0,453,10,0,3.02366,0,0
453,allocate_send_arrival,0,VLAN4012,1,terminal,1,2001,0,1,0,453,10,0,3.02366,0,0
458,stage_arrival,0,VLAN4012,1,terminal,1,2001,0,1,0,458,10,0,0,3.02366,0
454,allocate_send_arrival,0,VLAN4012,1,terminal,1,2001,0,1,0,454,10,0,3.02366,0,0
459,stage_arrival,0,VLAN4012,1,terminal,1,2001,0,1,0,459,10,0,0,3.02366,0
460,stage_arrival,0,VLAN4012,1,terminal,1,2001,0,1,0,460,10,0,0,3.02366,0
456,allocate_send_arrival,0,VLAN4012,1,terminal,1,2001,0,1,0,456,10,0,3.02366,0,0
456,allocate_send_arrival,0,VLAN4012,1,terminal,1,2001,0,1,0,456,10,0,3.02366,0,0
461,stage_arrival,0,VLAN4012,1,terminal,1,2001,0,1,0,461,10,0,0,2.9893,0
457,allocate_send_arrival,0,VLAN4012,1,terminal,1,2001,0,1,0,457,10,0,2.9893,0,0
462,stage_arrival,0,VLAN4012,1,terminal,1,2001,0,1,0,462,10,0,0,2.9893,0
458,allocate_send_arrival,0,VLAN4012,1,terminal,1,2001,0,1,0,458,10,0,2.9893,0,0
463,stage_arrival,0,VLAN4012,1,terminal,1,2001,0,1,0,463,10,0,0,2.9893,0
459,allocate_send_arrival,0,VLAN4012,1,terminal,1,2001,0,1,0,459,10,0,2.9893,0,0
464,stage_arrival,0,VLAN4012,1,terminal,1,2001,0,1,0,464,10,0,0,2.9893,0
465,stage_arrival,0,VLAN4012,1,terminal,1,2001,0,1,0,465,10,0,0,2.9893,0
461,allocate_send_arrival,0,VLAN4012,1,terminal,1,2001,0,1,0,461,10,0,2.9893,0,0
461,allocate_send_arrival,0,VLAN4012,1,terminal,1,2001,0,1,0,461,10,0,2.9893,0,0
466,stage_arrival,0,VLAN4012,1,terminal,1,2001,0,1,0,466,10,0,0,2.9893,0
467,stage_arrival,0,VLAN4012,1,terminal,1,2001,0,1,0,467,10,0,0,2.9893,0
463,allocate_send_arrival,0,VLAN4012,1,terminal,1,2001,0,1,0,463,10,0,2.9893,0,0
463,allocate_send_arrival,0,VLAN4012,1,terminal,1,2001,0,1,0,463,10,0,2.9893,0,0
468,stage_arrival,0,VLAN4012,1,terminal,1,2001,0,1,0,468,10,0,0,2.9893,0
464,allocate_send_arrival,0,VLAN4012,1,terminal,1,2001,0,1,0,464,10,0,2.9893,0,0
469,stage_arrival,0,VLAN4012,1,terminal,1,2001,0,1,0,469,10,0,0,2.9893,0
466,allocate_send_arrival,0,VLAN4012,1,terminal,1,2001,0,1,0,466,10,0,2.9893,0,0
470,stage_arrival,0,VLAN4012,1,terminal,1,2001,0,1,0,470,10,0,0,2.9893,0
467,allocate_send_arrival,0,VLAN4012,1,terminal,1,2001,0,1,0,467,10,0,2.9893,0,0
471,stage_arrival,0,VLAN4012,1,terminal,1,2001,0,1,0,471,10,0,0,2.9893,0
472,stage_arrival,0,VLAN4012,1,terminal,1,2001,0,1,0,472,10,0,0,2.9893,0
468,allocate_send_arrival,0,VLAN4012,1,terminal,1,2001,0,1,0,468,10,0,2.9893,0,0
468,allocate_send_arrival,0,VLAN4012,1,terminal,1,2001,0,1,0,468,10,0,2.9893,0,0
473,stage_arrival,0,VLAN4012,1,terminal,1,2001,0,1,0,473,10,0,0,2.9893,0
470,allocate_send_arrival,0,VLAN4012,1,terminal,1,2001,0,1,0,470,10,0,2.9893,0,0
474,stage_arrival,0,VLAN4012,1,terminal,1,2001,0,1,0,474,10,0,0,2.9893,0
475,stage_arrival,0,VLAN4012,1,terminal,1,2001,0,1,0,475,10,0,0,2.9893,0
471,allocate_send_arrival,0,VLAN4012,1,terminal,1,2001,0,1,0,471,10,0,2.9893,0,0
471,allocate_send_arrival,0,VLAN4012,1,terminal,1,2001,0,1,0,471,10,0,2.9893,0,0
476,stage_arrival,0,VLAN4012,1,terminal,1,2001,0,1,0,476,10,0,0,2.9893,0
477,stage_arrival,0,VLAN4012,1,terminal,1,2001,0,1,0,477,10,0,0,2.9893,0
473,allocate_send_arrival,0,VLAN4012,1,terminal,1,2001,0,1,0,473,10,0,2.9893,0,0
473,allocate_send_arrival,0,VLAN4012,1,terminal,1,2001,0,1,0,473,10,0,2.9893,0,0
478,stage_arrival,0,VLAN4012,1,terminal,1,2001,0,1,0,478,10,0,0,2.9893,0
474,allocate_send_arrival,0,VLAN4012,1,terminal,1,2001,0,1,0,474,10,0,2.9893,0,0
479,stage_arrival,0,VLAN4012,1,terminal,1,2001,0,1,0,479,10,0,0,2.9893,0
480,stage_arrival,0,VLAN4012,1,terminal,1,2001,0,1,0,480,10,0,0,2.9893,0
476,allocate_send_arrival,0,VLAN4012,1,terminal,1,2001,0,1,0,476,10,0,2.9893,0,0
476,allocate_send_arrival,0,VLAN4012,1,terminal,1,2001,0,1,0,476,10,0,2.9893,0,0
481,stage_arrival,0,VLAN4012,1,terminal,1,2001,0,1,0,481,10,0,0,2.97212,0
477,allocate_send_arrival,0,VLAN4012,1,terminal,1,2001,0,1,0,477,10,0,2.97212,0,0
482,stage_arrival,0,VLAN4012,1,terminal,1,2001,0,1,0,482,10,0,0,2.97212,0
478,allocate_send_arrival,0,VLAN4012,1,terminal,1,2001,0,1,0,478,10,0,2.97212,0,0
483,stage_arrival,0,VLAN4012,1,terminal,1,2001,0,1,0,483,10,0,0,2.97212,0
480,allocate_send_arrival,0,VLAN4012,1,terminal,1,2001,0,1,0,480,10,0,2.97212,0,0
484,stage_arrival,0,VLAN4012,1,terminal,1,2001,0,1,0,484,10,0,0,2.97212,0
485,stage_arrival,0,VLAN4012,1,terminal,1,2001,0,1,0,485,10,0,0,2.97212,0
481,allocate_send_arrival,0,VLAN4012,1,terminal,1,2001,0,1,0,481,10,0,2.97212,0,0
481,allocate_send_arrival,0,VLAN4012,1,terminal,1,2001,0,1,0,481,10,0,2.97212,0,0
486,stage_arrival,0,VLAN4012,1,terminal,1,2001,0,1,0,486,10,0,0,2.97212,0
482,allocate_send_arrival,0,VLAN4012,1,terminal,1,2001,0,1,0,482,10,0,2.97212,0,0
487,stage_arrival,0,VLAN4012,1,terminal,1,2001,0,1,0,487,10,0,0,2.97212,0
484,allocate_send_arrival,0,VLAN4012,1,terminal,1,2001,0,1,0,484,10,0,2.97212,0,0
488,stage_arrival,0,VLAN4012,1,terminal,1,2001,0,1,0,488,10,0,0,2.97212,0
485,allocate_send_arrival,0,VLAN4012,1,terminal,1,2001,0,1,0,485,10,0,2.97212,0,0
489,stage_arrival,0,VLAN4012,1,terminal,1,2001,0,1,0,489,10,0,0,2.97212,0
486,allocate_send_arrival,0,VLAN4012,1,terminal,1,2001,0,1,0,486,10,0,2.97212,0,0
490,stage_arrival,0,VLAN4012,1,terminal,1,2001,0,1,0,490,10,0,0,2.97212,0
487,allocate_send_arrival,0,VLAN4012,1,terminal,1,2001,0,1,0,487,10,0,2.97212,0,0
491,stage_arrival,0,VLAN4012,1,terminal,1,2001,0,1,0,491,10,0,0,2.97212,0
492,stage_arrival,0,VLAN4012,1,terminal,1,2001,0,1,0,492,10,0,0,2.97212,0
488,allocate_send_arrival,0,VLAN4012,1,terminal,1,2001,0,1,0,488,10,0,2.97212,0,0
488,allocate_send_arrival,0,VLAN4012,1,terminal,1,2001,0,1,0,488,10,0,2.97212,0,0
493,stage_arrival,0,VLAN4012,1,terminal,1,2001,0,1,0,493,10,0,0,2.97212,0
489,allocate_send_arrival,0,VLAN4012,1,terminal,1,2001,0,1,0,489,10,0,2.97212,0,0
494,stage_arrival,0,VLAN4012,1,terminal,1,2001,0,1,0,494,10,0,0,2.97212,0
495,stage_arrival,0,VLAN4012,1,terminal,1,2001,0,1,0,495,10,0,0,2.97212,0
491,allocate_send_arrival,0,VLAN4012,1,terminal,1,2001,0,1,0,491,10,0,2.97212,0,0
491,allocate_send_arrival,0,VLAN4012,1,terminal,1,2001,0,1,0,491,10,0,2.97212,0,0
496,stage_arrival,0,VLAN4012,1,terminal,1,2001,0,1,0,496,10,0,0,2.97212,0
492,allocate_send_arrival,0,VLAN4012,1,terminal,1,2001,0,1,0,492,10,0,2.97212,0,0
497,stage_arrival,0,VLAN4012,1,terminal,1,2001,0,1,0,497,10,0,0,2.97212,0
493,allocate_send_arrival,0,VLAN4012,1,terminal,1,2001,0,1,0,493,10,0,2.97212,0,0
498,stage_arrival,0,VLAN4012,1,terminal,1,2001,0,1,0,498,10,0,0,2.97212,0
494,allocate_send_arrival,0,VLAN4012,1,terminal,1,2001,0,1,0,494,10,0,2.97212,0,0
499,stage_arrival,0,VLAN4012,1,terminal,1,2001,0,1,0,499,10,0,0,2.97212,0
496,allocate_send_arrival,0,VLAN4012,1,terminal,1,2001,0,1,0,496,10,0,2.97212,0,0
500,stage_arrival,0,VLAN4012,1,terminal,1,2001,0,1,0,500,10,0,0,2.97212,0
501,stage_arrival,0,VLAN4012,1,terminal,1,2001,0,1,0,501,10,0,0,2.98071,0
497,allocate_send_arrival,0,VLAN4012,1,terminal,1,2001,0,1,0,497,10,0,2.97212,0,0
497,allocate_send_arrival,0,VLAN4012,1,terminal,1,2001,0,1,0,497,10,0,2.98071,0,0
502,stage_arrival,0,VLAN4012,1,terminal,1,2001,0,1,0,502,10,0,0,2.98071,0
499,allocate_send_arrival,0,VLAN4012,1,terminal,1,2001,0,1,0,499,10,0,2.98071,0,0
503,stage_arrival,0,VLAN4012,1,terminal,1,2001,0,1,0,503,10,0,0,2.98071,0
500,allocate_send_arrival,0,VLAN4012,1,terminal,1,2001,0,1,0,500,10,0,2.98071,0,0
504,stage_arrival,0,VLAN4012,1,terminal,1,2001,0,1,0,504,10,0,0,2.98071,0
501,allocate_send_arrival,0,VLAN4012,1,terminal,1,2001,0,1,0,501,10,0,2.98071,0,0
505,stage_arrival,0,VLAN4012,1,terminal,1,2001,0,1,0,505,10,0,0,2.98071,0
502,allocate_send_arrival,0,VLAN4012,1,terminal,1,2001,0,1,0,502,10,0,2.98071,0,0
506,stage_arrival,0,VLAN4012,1,terminal,1,2001,0,1,0,506,10,0,0,2.98071,0
507,stage_arrival,0,VLAN4012,1,terminal,1,2001,0,1,0,507,10,0,0,2.98071,0
503,allocate_send_arrival,0,VLAN4012,1,terminal,1,2001,0,1,0,503,10,0,2.98071,0,0
503,allocate_send_arrival,0,VLAN4012,1,terminal,1,2001,0,1,0,503,10,0,2.98071,0,0
508,stage_arrival,0,VLAN4012,1,terminal,1,2001,0,1,0,508,10,0,0,2.98071,0
505,allocate_send_arrival,0,VLAN4012,1,terminal,1,2001,0,1,0,505,10,0,2.98071,0,0
509,stage_arrival,0,VLAN4012,1,terminal,1,2001,0,1,0,509,10,0,0,2.98071,0
506,allocate_send_arrival,0,VLAN4012,1,terminal,1,2001,0,1,0,506,10,0,2.98071,0,0
510,stage_arrival,0,VLAN4012,1,terminal,1,2001,0,1,0,510,10,0,0,2.98071,0
507,allocate_send_arrival,0,VLAN4012,1,terminal,1,2001,0,1,0,507,10,0,2.98071,0,0
511,stage_arrival,0,VLAN4012,1,terminal,1,2001,0,1,0,511,10,0,0,2.98071,0
512,stage_arrival,0,VLAN4012,1,terminal,1,2001,0,1,0,512,10,0,0,2.98071,0
508,allocate_send_arrival,0,VLAN4012,1,terminal,1,2001,0,1,0,508,10,0,2.98071,0,0
508,allocate_send_arrival,0,VLAN4012,1,terminal,1,2001,0,1,0,508,10,0,2.98071,0,0
513,stage_arrival,0,VLAN4012,1,terminal,1,2001,0,1,0,513,10,0,0,2.98071,0
510,allocate_send_arrival,0,VLAN4012,1,terminal,1,2001,0,1,0,510,10,0,2.98071,0,0
514,stage_arrival,0,VLAN4012,1,terminal,1,2001,0,1,0,514,10,0,0,2.98071,0
515,stage_arrival,0,VLAN4012,1,terminal,1,2001,0,1,0,515,10,0,0,2.98071,0
511,allocate_send_arrival,0,VLAN4012,1,terminal,1,2001,0,1,0,511,10,0,2.98071,0,0
511,allocate_send_arrival,0,VLAN4012,1,terminal,1,2001,0,1,0,511,10,0,2.98071,0,0
516,stage_arrival,0,VLAN4012,1,terminal,1,2001,0,1,0,516,10,0,0,2.98071,0
512,allocate_send_arrival,0,VLAN4012,1,terminal,1,2001,0,1,0,512,10,0,2.98071,0,0
517,stage_arrival,0,VLAN4012,1,terminal,1,2001,0,1,0,517,10,0,0,2.98071,0
513,allocate_send_arrival,0,VLAN4012,1,terminal,1,2001,0,1,0,513,10,0,2.98071,0,0
518,stage_arrival,0,VLAN4012,1,terminal,1,2001,0,1,0,518,10,0,0,2.98071,0
514,allocate_send_arrival,0,VLAN4012,1,terminal,1,2001,0,1,0,514,10,0,2.98071,0,0
519,stage_arrival,0,VLAN4012,1,terminal,1,2001,0,1,0,519,10,0,0,2.98071,0
516,allocate_send_arrival,0,VLAN4012,1,terminal,1,2001,0,1,0,516,10,0,2.98071,0,0
520,stage_arrival,0,VLAN4012,1,terminal,1,2001,0,1,0,520,10,0,0,2.98071,0
521,stage_arrival,0,VLAN4012,1,terminal,1,2001,0,1,0,521,10,0,0,2.9893,0
517,allocate_send_arrival,0,VLAN4012,1,terminal,1,2001,0,1,0,517,10,0,2.98071,0,0
517,allocate_send_arrival,0,VLAN4012,1,terminal,1,2001,0,1,0,517,10,0,2.9893,0,0
522,stage_arrival,0,VLAN4012,1,terminal,1,2001,0,1,0,522,10,0,0,2.9893,0
523,stage_arrival,0,VLAN4012,1,terminal,1,2001,0,1,0,523,10,0,0,2.9893,0
519,allocate_send_arrival,0,VLAN4012,1,terminal,1,2001,0,1,0,519,10,0,2.9893,0,0
519,allocate_send_arrival,0,VLAN4012,1,terminal,1,2001,0,1,0,519,10,0,2.9893,0,0
524,stage_arrival,0,VLAN4012,1,terminal,1,2001,0,1,0,524,10,0,0,2.9893,0
525,stage_arrival,0,VLAN4012,1,terminal,1,2001,0,1,0,525,10,0,0,2.9893,0
521,allocate_send_arrival,0,VLAN4012,1,terminal,1,2001,0,1,0,521,10,0,2.9893,0,0
521,allocate_send_arrival,0,VLAN4012,1,terminal,1,2001,0,1,0,521,10,0,2.9893,0,0
526,stage_arrival,0,VLAN4012,1,terminal,1,2001,0,1,0,526,10,0,0,2.9893,0
527,stage_arrival,0,VLAN4012,1,terminal,1,2001,0,1,0,527,10,0,0,2.9893,0
523,allocate_send_arrival,0,VLAN4012,1,terminal,1,2001,0,1,0,523,10,0,2.9893,0,0
523,allocate_send_arrival,0,VLAN4012,1,terminal,1,2001,0,1,0,523,10,0,2.9893,0,0
528,stage_arrival,0,VLAN4012,1,terminal,1,2001,0,1,0,528,10,0,0,2.9893,0
525,allocate_send_arrival,0,VLAN4012,1,terminal,1,2001,0,1,0,525,10,0,2.9893,0,0
529,stage_arrival,0,VLAN4012,1,terminal,1,2001,0,1,0,529,10,0,0,2.9893,0
526,allocate_send_arrival,0,VLAN4012,1,terminal,1,2001,0,1,0,526,10,0,2.9893,0,0
530,stage_arrival,0,VLAN4012,1,terminal,1,2001,0,1,0,530,10,0,0,2.9893,0
531,stage_arrival,0,VLAN4012,1,terminal,1,2001,0,1,0,531,10,0,0,2.99789,0
527,allocate_send_arrival,0,VLAN4012,1,terminal,1,2001,0,1,0,527,10,0,2.9893,0,0
527,allocate_send_arrival,0,VLAN4012,1,terminal,1,2001,0,1,0,527,10,0,2.99789,0,0
532,stage_arrival,0,VLAN4012,1,terminal,1,2001,0,1,0,532,10,0,0,2.99789,0
533,stage_arrival,0,VLAN4012,1,terminal,1,2001,0,1,0,533,10,0,0,2.99789,0
529,allocate_send_arrival,0,VLAN4012,1,terminal,1,2001,0,1,0,529,10,0,2.99789,0,0
529,allocate_send_arrival,0,VLAN4012,1,terminal,1,2001,0,1,0,529,10,0,2.99789,0,0
534,stage_arrival,0,VLAN4012,1,terminal,1,2001,0,1,0,534,10,0,0,2.99789,0
531,allocate_send_arrival,0,VLAN4012,1,terminal,1,2001,0,1,0,531,10,0,2.99789,0,0
535,stage_arrival,0,VLAN4012,1,terminal,1,2001,0,1,0,535,10,0,0,2.99789,0
536,stage_arrival,0,VLAN4012,1,terminal,1,2001,0,1,0,536,10,0,0,2.99789,0
532,allocate_send_arrival,0,VLAN4012,1,terminal,1,2001,0,1,0,532,10,0,2.99789,0,0
532,allocate_send_arrival,0,VLAN4012,1,terminal,1,2001,0,1,0,532,10,0,2.99789,0,0
537,stage_arrival,0,VLAN4012,1,terminal,1,2001,0,1,0,537,10,0,0,2.99789,0
534,allocate_send_arrival,0,VLAN4012,1,terminal,1,2001,0,1,0,534,10,0,2.99789,0,0
538,stage_arrival,0,VLAN4012,1,terminal,1,2001,0,1,0,538,10,0,0,2.99789,0
535,allocate_send_arrival,0,VLAN4012,1,terminal,1,2001,0,1,0,535,10,0,2.99789,0,0
539,stage_arrival,0,VLAN4012,1,terminal,1,2001,0,1,0,539,10,0,0,2.99789,0
540,stage_arrival,0,VLAN4012,1,terminal,1,2001,0,1,0,540,10,0,0,2.99789,0
536,allocate_send_arrival,0,VLAN4012,1,terminal,1,2001,0,1,0,536,10,0,2.99789,0,0
536,allocate_send_arrival,0,VLAN4012,1,terminal,1,2001,0,1,0,536,10,0,2.99789,0,0
541,stage_arrival,0,VLAN4012,1,terminal,1,2001,0,1,0,541,10,0,0,3.00648,0
537,allocate_send_arrival,0,VLAN4012,1,terminal,1,2001,0,1,0,537,10,0,3.00648,0,0
542,stage_arrival,0,VLAN4012,1,terminal,1,2001,0,1,0,542,10,0,0,3.00648,0
538,allocate_send_arrival,0,VLAN4012,1,terminal,1,2001,0,1,0,538,10,0,3.00648,0,0
543,stage_arrival,0,VLAN4012,1,terminal,1,2001,0,1,0,543,10,0,0,3.00648,0
540,allocate_send_arrival,0,VLAN4012,1,terminal,1,2001,0,1,0,540,10,0,3.00648,0,0
544,stage_arrival,0,VLAN4012,1,terminal,1,2001,0,1,0,544,10,0,0,3.00648,0
541,allocate_send_arrival,0,VLAN4012,1,terminal,1,2001,0,1,0,541,10,0,3.00648,0,0
545,stage_arrival,0,VLAN4012,1,terminal,1,2001,0,1,0,545,10,0,0,3.00648,0
546,stage_arrival,0,VLAN4012,1,terminal,1,2001,0,1,0,546,10,0,0,3.00648,0
542,allocate_send_arrival,0,VLAN4012,1,terminal,1,2001,0,1,0,542,10,0,3.00648,0,0
542,allocate_send_arrival,0,VLAN4012,1,terminal,1,2001,0,1,0,542,10,0,3.00648,0,0
547,stage_arrival,0,VLAN4012,1,terminal,1,2001,0,1,0,547,10,0,0,3.00648,0
544,allocate_send_arrival,0,VLAN4012,1,terminal,1,2001,0,1,0,544,10,0,3.00648,0,0
548,stage_arrival,0,VLAN4012,1,terminal,1,2001,0,1,0,548,10,0,0,3.00648,0
545,allocate_send_arrival,0,VLAN4012,1,terminal,1,2001,0,1,0,545,10,0,3.00648,0,0
549,stage_arrival,0,VLAN4012,1,terminal,1,2001,0,1,0,549,10,0,0,3.00648,0
550,stage_arrival,0,VLAN4012,1,terminal,1,2001,0,1,0,550,10,0,0,3.00648,0
546,allocate_send_arrival,0,VLAN4012,1,terminal,1,2001,0,1,0,546,10,0,3.00648,0,0
546,allocate_send_arrival,0,VLAN4012,1,terminal,1,2001,0,1,0,546,10,0,3.00648,0,0
551,stage_arrival,0,VLAN4012,1,terminal,1,2001,0,1,0,551,10,0,0,2.98071,0
547,allocate_send_arrival,0,VLAN4012,1,terminal,1,2001,0,1,0,547,10,0,2.98071,0,0
552,stage_arrival,0,VLAN4012,1,terminal,1,2001,0,1,0,552,10,0,0,2.98071,0
549,allocate_send_arrival,0,VLAN4012,1,terminal,1,2001,0,1,0,549,10,0,2.98071,0,0
553,stage_arrival,0,VLAN4012,1,terminal,1,2001,0,1,0,553,10,0,0,2.98071,0
550,allocate_send_arrival,0,VLAN4012,1,terminal,1,2001,0,1,0,550,10,0,2.98071,0,0
554,stage_arrival,0,VLAN4012,1,terminal,1,2001,0,1,0,554,10,0,0,2.98071,0
555,stage_arrival,0,VLAN4012,1,terminal,1,2001,0,1,0,555,10,0,0,2.98071,0
551,allocate_send_arrival,0,VLAN4012,1,terminal,1,2001,0,1,0,551,10,0,2.98071,0,0
551,allocate_send_arrival,0,VLAN4012,1,terminal,1,2001,0,1,0,551,10,0,2.98071,0,0
556,stage_arrival,0,VLAN4012,1,terminal,1,2001,0,1,0,556,10,0,0,2.98071,0
552,allocate_send_arrival,0,VLAN4012,1,terminal,1,2001,0,1,0,552,10,0,2.98071,0,0
557,stage_arrival,0,VLAN4012,1,terminal,1,2001,0,1,0,557,10,0,0,2.98071,0
558,stage_arrival,0,VLAN4012,1,terminal,1,2001,0,1,0,558,10,0,0,2.98071,0
554,allocate_send_arrival,0,VLAN4012,1,terminal,1,2001,0,1,0,554,10,0,2.98071,0,0
554,allocate_send_arrival,0,VLAN4012,1,terminal,1,2001,0,1,0,554,10,0,2.98071,0,0
559,stage_arrival,0,VLAN4012,1,terminal,1,2001,0,1,0,559,10,0,0,2.98071,0
560,stage_arrival,0,VLAN4012,1,terminal,1,2001,0,1,0,560,10,0,0,2.98071,0
556,allocate_send_arrival,0,VLAN4012,1,terminal,1,2001,0,1,0,556,10,0,2.98071,0,0
556,allocate_send_arrival,0,VLAN4012,1,terminal,1,2001,0,1,0,556,10,0,2.98071,0,0
561,stage_arrival,0,VLAN4012,1,terminal,1,2001,0,1,0,561,10,0,0,2.97212,0
557,allocate_send_arrival,0,VLAN4012,1,terminal,1,2001,0,1,0,557,10,0,2.97212,0,0
562,stage_arrival,0,VLAN4012,1,terminal,1,2001,0,1,0,562,10,0,0,2.97212,0
559,allocate_send_arrival,0,VLAN4012,1,terminal,1,2001,0,1,0,559,10,0,2.97212,0,0
563,stage_arrival,0,VLAN4012,1,terminal,1,2001,0,1,0,563,10,0,0,2.97212,0
560,allocate_send_arrival,0,VLAN4012,1,terminal,1,2001,0,1,0,560,10,0,2.97212,0,0
564,stage_arrival,0,VLAN4012,1,terminal,1,2001,0,1,0,564,10,0,0,2.97212,0
565,stage_arrival,0,VLAN4012,1,terminal,1,2001,0,1,0,565,10,0,0,2.97212,0
561,allocate_send_arrival,0,VLAN4012,1,terminal,1,2001,0,1,0,561,10,0,2.97212,0,0
561,allocate_send_arrival,0,VLAN4012,1,terminal,1,2001,0,1,0,561,10,0,2.97212,0,0
566,stage_arrival,0,VLAN4012,1,terminal,1,2001,0,1,0,566,10,0,0,2.97212,0
562,allocate_send_arrival,0,VLAN4012,1,terminal,1,2001,0,1,0,562,10,0,2.97212,0,0
567,stage_arrival,0,VLAN4012,1,terminal,1,2001,0,1,0,567,10,0,0,2.97212,0
563,allocate_send_arrival,0,VLAN4012,1,terminal,1,2001,0,1,0,563,10,0,2.97212,0,0
568,stage_arrival,0,VLAN4012,1,terminal,1,2001,0,1,0,568,10,0,0,2.97212,0
565,allocate_send_arrival,0,VLAN4012,1,terminal,1,2001,0,1,0,565,10,0,2.97212,0,0
569,stage_arrival,0,VLAN4012,1,terminal,1,2001,0,1,0,569,10,0,0,2.97212,0
570,stage_arrival,0,VLAN4012,1,terminal,1,2001,0,1,0,570,10,0,0,2.97212,0
566,allocate_send_arrival,0,VLAN4012,1,terminal,1,2001,0,1,0,566,10,0,2.97212,0,0
566,allocate_send_arrival,0,VLAN4012,1,terminal,1,2001,0,1,0,566,10,0,2.97212,0,0
571,stage_arrival,0,VLAN4012,1,terminal,1,2001,0,1,0,571,10,0,0,2.95494,0
567,allocate_send_arrival,0,VLAN4012,1,terminal,1,2001,0,1,0,567,10,0,2.95494,0,0
572,stage_arrival,0,VLAN4012,1,terminal,1,2001,0,1,0,572,10,0,0,2.95494,0
568,allocate_send_arrival,0,VLAN4012,1,terminal,1,2001,0,1,0,568,10,0,2.95494,0,0
573,stage_arrival,0,VLAN4012,1,terminal,1,2001,0,1,0,573,10,0,0,2.95494,0
569,allocate_send_arrival,0,VLAN4012,1,terminal,1,2001,0,1,0,569,10,0,2.95494,0,0
574,stage_arrival,0,VLAN4012,1,terminal,1,2001,0,1,0,574,10,0,0,2.95494,0
571,allocate_send_arrival,0,VLAN4012,1,terminal,1,2001,0,1,0,571,10,0,2.95494,0,0
575,stage_arrival,0,VLAN4012,1,terminal,1,2001,0,1,0,575,10,0,0,2.95494,0
572,allocate_send_arrival,0,VLAN4012,1,terminal,1,2001,0,1,0,572,10,0,2.95494,0,0
576,stage_arrival,0,VLAN4012,1,terminal,1,2001,0,1,0,576,10,0,0,2.95494,0
573,allocate_send_arrival,0,VLAN4012,1,terminal,1,2001,0,1,0,573,10,0,2.95494,0,0
577,stage_arrival,0,VLAN4012,1,terminal,1,2001,0,1,0,577,10,0,0,2.95494,0
578,stage_arrival,0,VLAN4012,1,terminal,1,2001,0,1,0,578,10,0,0,2.95494,0
574,allocate_send_arrival,0,VLAN4012,1,terminal,1,2001,0,1,0,574,10,0,2.95494,0,0
574,allocate_send_arrival,0,VLAN4012,1,terminal,1,2001,0,1,0,574,10,0,2.95494,0,0
579,stage_arrival,0,VLAN4012,1,terminal,1,2001,0,1,0,579,10,0,0,2.95494,0
576,allocate_send_arrival,0,VLAN4012,1,terminal,1,2001,0,1,0,576,10,0,2.95494,0,0
580,stage_arrival,0,VLAN4012,1,terminal,1,2001,0,1,0,580,10,0,0,2.95494,0
577,allocate_send_arrival,0,VLAN4012,1,terminal,1,2001,0,1,0,577,10,0,2.95494,0,0
581,stage_arrival,0,VLAN4012,1,terminal,1,2001,0,1,0,581,10,0,0,2.95494,0
578,allocate_send_arrival,0,VLAN4012,1,terminal,1,2001,0,1,0,578,10,0,2.95494,0,0
582,stage_arrival,0,VLAN4012,1,terminal,1,2001,0,1,0,582,10,0,0,2.95494,0
579,allocate_send_arrival,0,VLAN4012,1,terminal,1,2001,0,1,0,579,10,0,2.95494,0,0
583,stage_arrival,0,VLAN4012,1,terminal,1,2001,0,1,0,583,10,0,0,2.95494,0
580,allocate_send_arrival,0,VLAN4012,1,terminal,1,2001,0,1,0,580,10,0,2.95494,0,0
584,stage_arrival,0,VLAN4012,1,terminal,1,2001,0,1,0,584,10,0,0,2.95494,0
585,stage_arrival,0,VLAN4012,1,terminal,1,2001,0,1,0,585,10,0,0,2.95494,0
581,allocate_send_arrival,0,VLAN4012,1,terminal,1,2001,0,1,0,581,10,0,2.95494,0,0
581,allocate_send_arrival,0,VLAN4012,1,terminal,1,2001,0,1,0,581,10,0,2.95494,0,0
586,stage_arrival,0,VLAN4012,1,terminal,1,2001,0,1,0,586,10,0,0,2.95494,0
587,stage_arrival,0,VLAN4012,1,terminal,1,2001,0,1,0,587,10,0,0,2.95494,0
583,allocate_send_arrival,0,VLAN4012,1,terminal,1,2001,0,1,0,583,10,0,2.95494,0,0
583,allocate_send_arrival,0,VLAN4012,1,terminal,1,2001,0,1,0,583,10,0,2.95494,0,0
588,stage_arrival,0,VLAN4012,1,terminal,1,2001,0,1,0,588,10,0,0,2.95494,0
584,allocate_send_arrival,0,VLAN4012,1,terminal,1,2001,0,1,0,584,10,0,2.95494,0,0
589,stage_arrival,0,VLAN4012,1,terminal,1,2001,0,1,0,589,10,0,0,2.95494,0
586,allocate_send_arrival,0,VLAN4012,1,terminal,1,2001,0,1,0,586,10,0,2.95494,0,0
590,stage_arrival,0,VLAN4012,1,terminal,1,2001,0,1,0,590,10,0,0,2.95494,0
591,stage_arrival,0,VLAN4012,1,terminal,1,2001,0,1,0,591,10,0,0,2.95494,0
587,allocate_send_arrival,0,VLAN4012,1,terminal,1,2001,0,1,0,587,10,0,2.95494,0,0
587,allocate_send_arrival,0,VLAN4012,1,terminal,1,2001,0,1,0,587,10,0,2.95494,0,0
592,stage_arrival,0,VLAN4012,1,terminal,1,2001,0,1,0,592,10,0,0,2.95494,0
593,stage_arrival,0,VLAN4012,1,terminal,1,2001,0,1,0,593,10,0,0,2.95494,0
589,allocate_send_arrival,0,VLAN4012,1,terminal,1,2001,0,1,0,589,10,0,2.95494,0,0
589,allocate_send_arrival,0,VLAN4012,1,terminal,1,2001,0,1,0,589,10,0,2.95494,0,0
594,stage_arrival,0,VLAN4012,1,terminal,1,2001,0,1,0,594,10,0,0,2.95494,0
595,stage_arrival,0,VLAN4012,1,terminal,1,2001,0,1,0,595,10,0,0,2.95494,0
591,allocate_send_arrival,0,VLAN4012,1,terminal,1,2001,0,1,0,591,10,0,2.95494,0,0
591,allocate_send_arrival,0,VLAN4012,1,terminal,1,2001,0,1,0,591,10,0,2.95494,0,0
596,stage_arrival,0,VLAN4012,1,terminal,1,2001,0,1,0,596,10,0,0,2.95494,0
592,allocate_send_arrival,0,VLAN4012,1,terminal,1,2001,0,1,0,592,10,0,2.95494,0,0
597,stage_arrival,0,VLAN4012,1,terminal,1,2001,0,1,0,597,10,0,0,2.95494,0
593,allocate_send_arrival,0,VLAN4012,1,terminal,1,2001,0,1,0,593,10,0,2.95494,0,0
598,stage_arrival,0,VLAN4012,1,terminal,1,2001,0,1,0,598,10,0,0,2.95494,0
594,allocate_send_arrival,0,VLAN4012,1,terminal,1,2001,0,1,0,594,10,0,2.95494,0,0
599,stage_arrival,0,VLAN4012,1,terminal,1,2001,0,1,0,599,10,0,0,2.95494,0
600,stage_arrival,0,VLAN4012,1,terminal,1,2001,0,1,0,600,10,0,0,2.95494,0
596,allocate_send_arrival,0,VLAN4012,1,terminal,1,2001,0,1,0,596,10,0,2.95494,0,0
596,allocate_send_arrival,0,VLAN4012,1,terminal,1,2001,0,1,0,596,10,0,2.95494,0,0
