interval,event,terminal,terminal_name,attached_switch,peer_terminal,gbit
0,trace_offer,174,S091.0,87,46,500
0,trace_offer,246,S116.0,123,118,500
0,trace_offer,111,S034.1,55,239,500
0,trace_offer,66,S019.0,33,194,500
0,trace_offer,132,S038.0,66,4,500
0,trace_offer,138,S042.0,69,10,500
0,trace_offer,225,S094.1,112,97,500
0,trace_offer,134,S040.0,67,6,500
0,trace_offer,190,S082.0,95,62,500
0,trace_offer,112,S073.0,56,240,500
0,trace_offer,59,S016.1,29,187,500
0,trace_offer,116,S035.0,58,244,500
0,trace_offer,5,S049.1,2,133,500
0,trace_offer,68,S020.0,34,196,500
0,trace_offer,107,S070.1,53,235,500
0,trace_offer,203,S078.1,101,75,500
0,trace_offer,199,S075.1,99,71,500
0,trace_offer,79,S023.1,39,207,500
0,trace_offer,254,S124.0,127,126,500
0,trace_offer,207,S081.1,103,79,500
0,trace_offer,141,S044.1,70,13,500
0,trace_offer,67,S019.1,33,195,500
0,trace_offer,227,S096.1,113,99,500
0,trace_offer,44,S012.0,22,172,500
0,trace_offer,131,S125.1,65,3,500
0,trace_offer,51,S013.1,25,179,500
0,trace_offer,28,S007.0,14,156,500
0,trace_offer,93,S043.1,46,221,500
0,trace_offer,186,S063.0,93,58,500
0,trace_offer,38,S010.0,19,166,500
0,trace_offer,147,S051.1,73,19,500
0,trace_offer,185,S062.1,92,57,500
0,trace_offer,156,S077.0,78,28,500
0,trace_offer,126,S050.0,63,254,500
0,trace_offer,178,S060.0,89,50,500
0,trace_offer,45,S012.1,22,173,500
0,trace_offer,0,S000.0,0,128,500
0,trace_offer,85,S093.1,42,213,500
0,trace_offer,145,S046.1,72,17,500
0,trace_offer,213,S099.1,106,85,500
0,trace_offer,163,S054.1,81,35,500
0,trace_offer,251,S120.1,125,123,500
0,trace_offer,77,S022.1,38,205,500
0,trace_offer,133,S038.1,66,5,500
0,trace_offer,240,S119.0,120,112,500
0,trace_offer,46,S031.0,23,174,500
0,trace_offer,253,S121.1,126,125,500
0,trace_offer,110,S034.0,55,238,500
0,trace_offer,81,S024.1,40,209,500
0,trace_offer,20,S006.0,10,148,500
0,trace_offer,9,S059.1,4,137,500
0,trace_offer,201,S076.1,100,73,500
0,trace_offer,218,S088.0,109,90,500
0,trace_offer,192,S071.0,96,64,500
0,trace_offer,170,S058.0,85,42,500
0,trace_offer,113,S073.1,56,241,500
0,trace_offer,78,S023.0,39,206,500
0,trace_offer,183,S061.1,91,55,500
0,trace_offer,31,S026.1,15,159,500
0,trace_offer,140,S044.0,70,12,500
0,trace_offer,73,S039.1,36,201,500
0,trace_offer,7,S055.1,3,135,500
0,trace_offer,12,S127.0,6,140,500
0,trace_offer,127,S050.1,63,255,500
0,trace_offer,109,S110.1,54,237,500
0,trace_offer,151,S048.1,75,23,500
0,trace_offer,182,S061.0,91,54,500
0,trace_offer,76,S022.0,38,204,500
0,trace_offer,228,S097.0,114,100,500
0,trace_offer,187,S063.1,93,59,500
0,trace_offer,103,S112.1,51,231,500
0,trace_offer,152,S104.0,76,24,500
0,trace_offer,58,S016.0,29,186,500
0,trace_offer,202,S078.0,101,74,500
0,trace_offer,86,S045.0,43,214,500
0,trace_offer,247,S116.1,123,119,500
0,trace_offer,75,S021.1,37,203,500
0,trace_offer,169,S057.1,84,41,500
0,trace_offer,94,S029.0,47,222,500
0,trace_offer,13,S127.1,6,141,500
0,trace_offer,171,S058.1,85,43,500
0,trace_offer,25,S005.1,12,153,500
0,trace_offer,215,S086.1,107,87,500
0,trace_offer,204,S080.0,102,76,500
0,trace_offer,37,S008.1,18,165,500
0,trace_offer,88,S033.0,44,216,500
0,trace_offer,125,S037.1,62,253,500
0,trace_offer,229,S097.1,114,101,500
0,trace_offer,128,S069.0,64,0,500
0,trace_offer,166,S056.0,83,38,500
0,trace_offer,96,S030.0,48,224,500
0,trace_offer,47,S031.1,23,175,500
0,trace_offer,3,S001.1,1,131,500
0,trace_offer,162,S054.0,81,34,500
0,trace_offer,32,S107.0,16,160,500
0,trace_offer,136,S041.0,68,8,500
0,trace_offer,153,S104.1,76,25,500
0,trace_offer,181,S113.1,90,53,500
0,trace_offer,83,S025.1,41,211,500
0,trace_offer,159,S064.1,79,31,500
0,trace_offer,70,S027.0,35,198,500
0,trace_offer,26,S009.0,13,154,500
0,trace_offer,42,S011.0,21,170,500
0,trace_offer,194,S079.0,97,66,500
0,trace_offer,197,S072.1,98,69,500
0,trace_offer,74,S021.0,37,202,500
0,trace_offer,248,S118.0,124,120,500
0,trace_offer,33,S107.1,16,161,500
0,trace_offer,239,S108.1,119,111,500
0,trace_offer,52,S014.0,26,180,500
0,trace_offer,95,S029.1,47,223,500
0,trace_offer,206,S081.0,103,78,500
0,trace_offer,231,S098.1,115,103,500
0,trace_offer,188,S105.0,94,60,500
0,trace_offer,29,S007.1,14,157,500
0,trace_offer,236,S103.0,118,108,500
0,trace_offer,122,S095.0,61,250,500
0,trace_offer,99,S053.1,49,227,500
0,trace_offer,205,S080.1,102,77,500
0,trace_offer,216,S089.0,108,88,500
0,trace_offer,1,S000.1,0,129,500
0,trace_offer,8,S059.0,4,136,500
0,trace_offer,120,S084.0,60,248,500
0,trace_offer,84,S093.0,42,212,500
0,trace_offer,252,S121.0,126,124,500
0,trace_offer,57,S015.1,28,185,500
0,trace_offer,158,S064.0,79,30,500
0,trace_offer,97,S030.1,48,225,500
0,trace_offer,161,S109.1,80,33,500
0,trace_offer,56,S015.0,28,184,500
0,trace_offer,105,S032.1,52,233,500
0,trace_offer,146,S051.0,73,18,500
0,trace_offer,130,S125.0,65,2,500
0,trace_offer,64,S018.0,32,192,500
0,trace_offer,91,S028.1,45,219,500
0,trace_offer,114,S090.0,57,242,500
0,trace_offer,230,S098.0,115,102,500
0,trace_offer,226,S096.0,113,98,500
0,trace_offer,40,S036.0,20,168,500
0,trace_offer,2,S001.0,1,130,500
0,trace_offer,219,S088.1,109,91,500
0,trace_offer,160,S109.0,80,32,500
0,trace_offer,71,S027.1,35,199,500
0,trace_offer,154,S052.0,77,26,500
0,trace_offer,175,S091.1,87,47,500
0,trace_offer,217,S089.1,108,89,500
0,trace_offer,49,S114.1,24,177,500
0,trace_offer,115,S090.1,57,243,500
0,trace_offer,196,S072.0,98,68,500
0,trace_offer,18,S004.0,9,146,500
0,trace_offer,43,S011.1,21,171,500
0,trace_offer,149,S126.1,74,21,500
0,trace_offer,232,S100.0,116,104,500
0,trace_offer,168,S057.0,84,40,500
0,trace_offer,72,S039.0,36,200,500
0,trace_offer,118,S065.0,59,246,500
0,trace_offer,89,S033.1,44,217,500
0,trace_offer,148,S126.0,74,20,500
0,trace_offer,144,S046.0,72,16,500
0,trace_offer,209,S101.1,104,81,500
0,trace_offer,54,S047.0,27,182,500
0,trace_offer,102,S112.0,51,230,500
0,trace_offer,39,S010.1,19,167,500
0,trace_offer,117,S035.1,58,245,500
0,trace_offer,34,S122.0,17,162,500
0,trace_offer,157,S077.1,78,29,500
0,trace_offer,193,S071.1,96,65,500
0,trace_offer,173,S087.1,86,45,500
0,trace_offer,235,S102.1,117,107,500
0,trace_offer,101,S068.1,50,229,500
0,trace_offer,244,S115.0,122,116,500
0,trace_offer,200,S076.0,100,72,500
0,trace_offer,41,S036.1,20,169,500
0,trace_offer,92,S043.0,46,220,500
0,trace_offer,210,S085.0,105,82,500
0,trace_offer,17,S003.1,8,145,500
0,trace_offer,191,S082.1,95,63,500
0,trace_offer,189,S105.1,94,61,500
0,trace_offer,223,S092.1,111,95,500
0,trace_offer,249,S118.1,124,121,500
0,trace_offer,234,S102.0,117,106,500
0,trace_offer,142,S074.0,71,14,500
0,trace_offer,19,S004.1,9,147,500
0,trace_offer,80,S024.0,40,208,500
0,trace_offer,65,S018.1,32,193,500
0,trace_offer,69,S020.1,34,197,500
0,trace_offer,243,S111.1,121,115,500
0,trace_offer,139,S042.1,69,11,500
0,trace_offer,100,S068.0,50,228,500
0,trace_offer,14,S002.0,7,142,500
0,trace_offer,176,S106.0,88,48,500
0,trace_offer,237,S103.1,118,109,500
0,trace_offer,222,S092.0,111,94,500
0,trace_offer,21,S006.1,10,149,500
0,trace_offer,184,S062.0,92,56,500
0,trace_offer,137,S041.1,68,9,500
0,trace_offer,61,S066.1,30,189,500
0,trace_offer,98,S053.0,49,226,500
0,trace_offer,55,S047.1,27,183,500
0,trace_offer,179,S060.1,89,51,500
0,trace_offer,10,S083.0,5,138,500
0,trace_offer,4,S049.0,2,132,500
0,trace_offer,62,S017.0,31,190,500
0,trace_offer,150,S048.0,75,22,500
0,trace_offer,87,S045.1,43,215,500
0,trace_offer,36,S008.0,18,164,500
0,trace_offer,167,S056.1,83,39,500
0,trace_offer,233,S100.1,116,105,500
0,trace_offer,124,S037.0,62,252,500
0,trace_offer,24,S005.0,12,152,500
0,trace_offer,238,S108.0,119,110,500
0,trace_offer,6,S055.0,3,134,500
0,trace_offer,22,S123.0,11,150,500
0,trace_offer,90,S028.0,45,218,500
0,trace_offer,198,S075.0,99,70,500
0,trace_offer,106,S070.0,53,234,500
0,trace_offer,23,S123.1,11,151,500
0,trace_offer,241,S119.1,120,113,500
0,trace_offer,180,S113.0,90,52,500
0,trace_offer,53,S014.1,26,181,500
0,trace_offer,250,S120.0,125,122,500
0,trace_offer,15,S002.1,7,143,500
0,trace_offer,143,S074.1,71,15,500
0,trace_offer,255,S124.1,127,127,500
0,trace_offer,214,S086.0,107,86,500
0,trace_offer,212,S099.0,106,84,500
0,trace_offer,135,S040.1,67,7,500
0,trace_offer,27,S009.1,13,155,500
0,trace_offer,16,S003.0,8,144,500
0,trace_offer,224,S094.0,112,96,500
0,trace_offer,172,S087.0,86,44,500
0,trace_offer,48,S114.0,24,176,500
0,trace_offer,60,S066.0,30,188,500
0,trace_offer,164,S067.0,82,36,500
0,trace_offer,119,S065.1,59,247,500
0,trace_offer,177,S106.1,88,49,500
0,trace_offer,11,S083.1,5,139,500
0,trace_offer,82,S025.0,41,210,500
0,trace_offer,129,S069.1,64,1,500
0,trace_offer,220,S117.0,110,92,500
0,trace_offer,221,S117.1,110,93,500
0,trace_offer,208,S101.0,104,80,500
0,trace_offer,30,S026.0,15,158,500
0,trace_offer,242,S111.0,121,114,500
0,trace_offer,50,S013.0,25,178,500
0,trace_offer,165,S067.1,82,37,500
0,trace_offer,35,S122.1,17,163,500
0,trace_offer,104,S032.0,52,232,500
0,trace_offer,123,S095.1,61,251,500
0,trace_offer,63,S017.1,31,191,500
0,trace_offer,211,S085.1,105,83,500
0,trace_offer,121,S084.1,60,249,500
0,trace_offer,195,S079.1,97,67,500
0,trace_offer,155,S052.1,77,27,500
0,trace_offer,245,S115.1,122,117,500
0,trace_offer,108,S110.0,54,236,500
0,send,45,S012.1,22,173,500
0,send,248,S118.0,124,120,500
0,send,99,S053.1,49,227,500
0,send,139,S042.1,69,11,500
0,send,14,S002.0,7,142,500
0,send,205,S080.1,102,77,500
0,send,133,S038.1,66,5,500
0,send,197,S072.1,98,69,500
0,send,114,S090.0,57,242,500
0,send,97,S030.1,48,225,500
0,send,243,S111.1,121,115,500
0,send,15,S002.1,7,143,500
0,send,162,S054.0,81,34,500
0,send,146,S051.0,73,18,500
0,send,56,S015.0,28,184,500
0,send,219,S088.1,109,91,500
0,send,149,S126.1,74,21,500
0,send,240,S119.0,120,112,500
0,send,200,S076.0,100,72,500
0,send,44,S012.0,22,172,500
0,send,9,S059.1,4,137,500
0,send,218,S088.0,109,90,500
0,send,213,S099.1,106,85,500
0,send,252,S121.0,126,124,500
0,send,10,S083.0,5,138,500
0,send,221,S117.1,110,93,500
0,send,171,S058.1,85,43,500
0,send,5,S049.1,2,133,500
0,send,124,S037.0,62,252,500
0,send,59,S016.1,29,187,500
0,send,25,S005.1,12,153,500
0,send,220,S117.0,110,92,500
0,send,241,S119.1,120,113,500
0,send,143,S074.1,71,15,500
0,send,106,S070.0,53,234,500
0,send,204,S080.0,102,76,500
0,send,217,S089.1,108,89,500
0,send,37,S008.1,18,165,500
0,send,179,S060.1,89,51,500
0,send,116,S035.0,58,244,500
0,send,125,S037.1,62,253,500
0,send,245,S115.1,122,117,500
0,send,2,S001.0,1,130,500
0,send,87,S045.1,43,215,500
0,send,251,S120.1,125,123,500
0,send,144,S046.0,72,16,500
0,send,79,S023.1,39,207,500
0,send,101,S068.1,50,229,500
0,send,72,S039.0,36,200,500
0,send,154,S052.0,77,26,500
0,send,157,S077.1,78,29,500
0,send,159,S064.1,79,31,500
0,send,75,S021.1,37,203,500
0,send,242,S111.0,121,114,500
0,send,163,S054.1,81,35,500
0,send,222,S092.0,111,94,500
0,send,150,S048.0,75,22,500
0,send,172,S087.0,86,44,500
0,send,78,S023.0,39,206,500
0,send,21,S006.1,10,149,500
0,send,13,S127.1,6,141,500
0,send,198,S075.0,99,70,500
0,send,30,S026.0,15,158,500
0,send,53,S014.1,26,181,500
0,send,26,S009.0,13,154,500
0,send,62,S017.0,31,190,500
0,send,17,S003.1,8,145,500
0,send,63,S017.1,31,191,500
0,send,170,S058.0,85,42,500
0,send,32,S107.0,16,160,500
0,send,177,S106.1,88,49,500
0,send,160,S109.0,80,32,500
0,send,69,S020.1,34,197,500
0,send,151,S048.1,75,23,500
0,send,119,S065.1,59,247,500
0,send,91,S028.1,45,219,500
0,send,82,S025.0,41,210,500
0,send,120,S084.0,60,248,500
0,send,107,S070.1,53,235,500
0,send,102,S112.0,51,230,500
0,send,208,S101.0,104,80,500
0,send,233,S100.1,116,105,500
0,send,33,S107.1,16,161,500
0,send,185,S062.1,92,57,500
0,send,191,S082.1,95,63,500
0,send,255,S124.1,127,127,500
0,send,43,S011.1,21,171,500
0,send,29,S007.1,14,157,500
0,send,176,S106.0,88,48,500
0,send,153,S104.1,76,25,500
0,send,168,S057.0,84,40,500
0,send,49,S114.1,24,177,500
0,send,228,S097.0,114,100,500
0,send,189,S105.1,94,61,500
0,send,7,S055.1,3,135,500
0,send,85,S093.1,42,213,500
0,send,86,S045.0,43,214,500
0,send,247,S116.1,123,119,500
0,send,103,S112.1,51,231,500
0,send,202,S078.0,101,74,500
0,send,195,S079.1,97,67,500
0,send,67,S019.1,33,195,500
0,send,138,S042.0,69,10,500
0,send,95,S029.1,47,223,500
0,send,16,S003.0,8,144,500
0,send,216,S089.0,108,88,500
0,send,192,S071.0,96,64,500
0,send,20,S006.0,10,148,500
0,send,232,S100.0,116,104,500
0,send,66,S019.0,33,194,500
0,send,46,S031.0,23,174,500
0,send,201,S076.1,100,73,500
0,send,254,S124.0,127,126,500
0,send,165,S067.1,82,37,500
0,send,136,S041.0,68,8,500
0,send,1,S000.1,0,129,500
0,send,209,S101.1,104,81,500
0,send,173,S087.1,86,45,500
0,send,250,S120.0,125,122,500
0,send,140,S044.0,70,12,500
0,send,180,S113.0,90,52,500
0,send,226,S096.0,113,98,500
0,send,51,S013.1,25,179,500
0,send,8,S059.0,4,136,500
0,send,137,S041.1,68,9,500
0,send,183,S061.1,91,55,500
0,send,19,S004.1,9,147,500
0,send,229,S097.1,114,101,500
0,send,113,S073.1,56,241,500
0,send,178,S060.0,89,50,500
0,send,231,S098.1,115,103,500
0,send,38,S010.0,19,166,500
0,send,52,S014.0,26,180,500
0,send,41,S036.1,20,169,500
0,send,27,S009.1,13,155,500
0,send,115,S090.1,57,243,500
0,send,166,S056.0,83,38,500
0,send,214,S086.0,107,86,500
0,send,196,S072.0,98,68,500
0,send,31,S026.1,15,159,500
0,send,253,S121.1,126,125,500
0,send,3,S001.1,1,131,500
0,send,110,S034.0,55,238,500
0,send,50,S013.0,25,178,500
0,send,80,S024.0,40,208,500
0,send,210,S085.0,105,82,500
0,send,130,S125.0,65,2,500
0,send,186,S063.0,93,58,500
0,send,152,S104.0,76,24,500
0,send,89,S033.1,44,217,500
0,send,234,S102.0,117,106,500
0,send,88,S033.0,44,216,500
0,send,111,S034.1,55,239,500
0,send,211,S085.1,105,83,500
0,send,96,S030.0,48,224,500
0,send,61,S066.1,30,189,500
0,send,118,S065.0,59,246,500
0,send,238,S108.0,119,110,500
0,send,121,S084.1,60,249,500
0,send,122,S095.0,61,250,500
0,send,58,S016.0,29,186,500
0,send,90,S028.0,45,218,500
0,send,194,S079.0,97,66,500
0,send,76,S022.0,38,204,500
0,send,84,S093.0,42,212,500
0,send,54,S047.0,27,182,500
0,send,175,S091.1,87,47,500
0,send,123,S095.1,61,251,500
0,send,12,S127.0,6,140,500
0,send,131,S125.1,65,3,500
0,send,71,S027.1,35,199,500
0,send,182,S061.0,91,54,500
0,send,236,S103.0,118,108,500
0,send,224,S094.0,112,96,500
0,send,94,S029.0,47,222,500
0,send,203,S078.1,101,75,500
0,send,11,S083.1,5,139,500
0,send,55,S047.1,27,183,500
0,send,77,S022.1,38,205,500
0,send,109,S110.1,54,237,500
0,send,237,S103.1,118,109,500
0,send,100,S068.0,50,228,500
0,send,215,S086.1,107,87,500
0,send,60,S066.0,30,188,500
0,send,0,S000.0,0,128,500
0,send,132,S038.0,66,4,500
0,send,92,S043.0,46,220,500
0,send,48,S114.0,24,176,500
0,send,47,S031.1,23,175,500
0,send,147,S051.1,73,19,500
0,send,148,S126.0,74,20,500
0,send,206,S081.0,103,78,500
0,send,104,S032.0,52,232,500
0,send,188,S105.0,94,60,500
0,send,117,S035.1,58,245,500
0,send,193,S071.1,96,65,500
0,send,187,S063.1,93,59,500
0,send,167,S056.1,83,39,500
0,send,141,S044.1,70,13,500
0,send,239,S108.1,119,111,500
0,send,81,S024.1,40,209,500
0,send,4,S049.0,2,132,500
0,send,127,S050.1,63,255,500
0,send,142,S074.0,71,14,500
0,send,6,S055.0,3,134,500
0,send,155,S052.1,77,27,500
0,send,244,S115.0,122,116,500
0,send,184,S062.0,92,56,500
0,send,73,S039.1,36,201,500
0,send,135,S040.1,67,7,500
0,send,18,S004.0,9,146,500
0,send,108,S110.0,54,236,500
0,send,34,S122.0,17,162,500
0,send,64,S018.0,32,192,500
0,send,28,S007.0,14,156,500
0,send,169,S057.1,84,41,500
0,send,207,S081.1,103,79,500
0,send,105,S032.1,52,233,500
0,send,230,S098.0,115,102,500
0,send,249,S118.1,124,121,500
0,send,93,S043.1,46,221,500
0,send,129,S069.1,64,1,500
0,send,161,S109.1,80,33,500
0,send,128,S069.0,64,0,500
0,send,68,S020.0,34,196,500
0,send,181,S113.1,90,53,500
0,send,223,S092.1,111,95,500
0,send,98,S053.0,49,226,500
0,send,39,S010.1,19,167,500
0,send,83,S025.1,41,211,500
0,send,212,S099.0,106,84,500
0,send,164,S067.0,82,36,500
0,send,174,S091.0,87,46,500
0,send,57,S015.1,28,185,500
0,send,145,S046.1,72,17,500
0,send,22,S123.0,11,150,500
0,send,70,S027.0,35,198,500
0,send,225,S094.1,112,97,500
0,send,246,S116.0,123,118,500
0,send,36,S008.0,18,164,500
0,send,42,S011.0,21,170,500
0,send,126,S050.0,63,254,500
0,send,23,S123.1,11,151,500
0,send,74,S021.0,37,202,500
0,send,134,S040.0,67,6,500
0,send,65,S018.1,32,193,500
0,send,190,S082.0,95,62,500
0,send,112,S073.0,56,240,500
0,send,235,S102.1,117,107,500
0,send,156,S077.0,78,28,500
0,send,227,S096.1,113,99,500
0,send,40,S036.0,20,168,500
0,send,158,S064.0,79,30,500
0,send,199,S075.1,99,71,500
0,send,24,S005.0,12,152,500
0,send,35,S122.1,17,163,500
4,receive,65,S018.1,32,193,500
4,receive,39,S010.1,19,167,128.224
4,receive,161,S109.1,80,33,404.469
4,receive,217,S089.1,108,89,427.116
4,receive,160,S109.0,80,32,404.469
4,receive,33,S107.1,16,161,359.788
4,receive,89,S033.1,44,217,423.756
4,receive,88,S033.0,44,216,423.756
4,receive,38,S010.0,19,166,128.224
4,receive,32,S107.0,16,160,359.788
4,receive,64,S018.0,32,192,500
4,receive,216,S089.0,108,88,427.116
5,receive,125,S037.1,62,253,86.915
5,receive,220,S117.0,110,92,118.077
5,receive,198,S075.0,99,70,500
5,receive,169,S057.1,84,41,190.507
5,receive,69,S020.1,34,197,439.572
5,receive,122,S095.0,61,250,337.832
5,receive,88,S033.0,44,216,76.244
5,receive,163,S054.1,81,35,494.979
5,receive,47,S031.1,23,175,347.763
5,receive,123,S095.1,61,251,337.832
5,receive,161,S109.1,80,33,95.531
5,receive,100,S068.0,50,228,500
5,receive,89,S033.1,44,217,76.244
5,receive,168,S057.0,84,40,190.507
5,receive,46,S031.0,23,174,347.763
5,receive,129,S069.1,64,1,338.18
5,receive,162,S054.0,81,34,494.979
5,receive,39,S010.1,19,167,314.112
5,receive,34,S122.0,17,162,398.728
5,receive,221,S117.1,110,93,118.077
5,receive,68,S020.0,34,196,439.572
5,receive,33,S107.1,16,161,140.212
5,receive,160,S109.0,80,32,95.531
5,receive,128,S069.0,64,0,338.18
5,receive,124,S037.0,62,252,86.915
5,receive,255,S124.1,127,127,453.126
5,receive,216,S089.0,108,88,72.884
5,receive,43,S011.1,21,171,170.054
5,receive,217,S089.1,108,89,72.884
5,receive,101,S068.1,50,229,500
5,receive,40,S036.0,20,168,208.52
5,receive,32,S107.0,16,160,140.212
5,receive,199,S075.1,99,71,500
5,receive,254,S124.0,127,126,453.126
5,receive,41,S036.1,20,169,208.52
5,receive,42,S011.0,21,170,170.054
5,receive,35,S122.1,17,163,398.728
5,receive,38,S010.0,19,166,314.112
6,receive,159,S064.1,79,31,303.654
6,receive,0,S000.0,0,128,197.659
6,receive,12,S127.0,6,140,304.956
6,receive,73,S039.1,36,201,118.077
6,receive,25,S005.1,12,153,500
6,receive,7,S055.1,3,135,184.556
6,receive,120,S084.0,60,248,184.643
6,receive,16,S003.0,8,144,304.956
6,receive,42,S011.0,21,170,257.992
6,receive,251,S120.1,125,123,390.96
6,receive,5,S049.1,2,133,410.393
6,receive,133,S038.1,66,5,86.915
6,receive,221,S117.1,110,93,56.3648
6,receive,169,S057.1,84,41,190.507
6,receive,163,S054.1,81,35,5.021
6,receive,250,S120.0,125,122,390.96
6,receive,154,S052.0,77,26,360.362
6,receive,93,S043.1,46,221,297.707
6,receive,48,S114.0,24,176,208.52
6,receive,4,S049.0,2,132,410.393
6,receive,106,S070.0,53,234,226.535
6,receive,132,S038.0,66,4,86.915
6,receive,237,S103.1,118,109,317.464
6,receive,242,S111.0,121,114,323.526
6,receive,168,S057.0,84,40,190.507
6,receive,69,S020.1,34,197,60.428
6,receive,1,S000.1,0,129,197.659
6,receive,122,S095.0,61,250,162.168
6,receive,129,S069.1,64,1,161.821
6,receive,84,S093.0,42,212,105.62
6,receive,68,S020.0,34,196,60.428
6,receive,134,S040.0,67,6,313.458
6,receive,92,S043.0,46,220,297.707
6,receive,128,S069.0,64,0,161.821
6,receive,107,S070.1,53,235,226.535
6,receive,125,S037.1,62,253,168.458
6,receive,189,S105.1,94,61,322.213
6,receive,123,S095.1,61,251,162.168
6,receive,236,S103.0,118,108,317.464
6,receive,34,S122.0,17,162,101.272
6,receive,114,S090.0,57,242,480.507
6,receive,35,S122.1,17,163,101.272
6,receive,115,S090.1,57,243,480.507
6,receive,46,S031.0,23,174,152.237
6,receive,39,S010.1,19,167,57.664
6,receive,188,S105.0,94,60,322.213
6,receive,13,S127.1,6,141,304.956
6,receive,108,S110.0,54,236,500
6,receive,112,S073.0,56,240,381.507
6,receive,130,S125.0,65,2,374.488
6,receive,47,S031.1,23,175,152.237
6,receive,24,S005.0,12,152,500
6,receive,85,S093.1,42,213,105.62
6,receive,255,S124.1,127,127,46.874
6,receive,254,S124.0,127,126,46.874
6,receive,111,S034.1,55,239,144.521
6,receive,72,S039.0,36,200,118.077
6,receive,162,S054.0,81,34,5.021
6,receive,38,S010.0,19,166,57.664
6,receive,17,S003.1,8,145,304.956
6,receive,41,S036.1,20,169,173.117
6,receive,234,S102.0,117,106,256.141
6,receive,113,S073.1,56,241,381.507
6,receive,235,S102.1,117,107,256.141
6,receive,109,S110.1,54,237,500
6,receive,49,S114.1,24,177,208.52
6,receive,6,S055.0,3,134,184.556
6,receive,158,S064.0,79,30,303.654
6,receive,135,S040.1,67,7,313.458
6,receive,243,S111.1,121,115,323.526
6,receive,121,S084.1,60,249,184.643
6,receive,220,S117.0,110,92,56.3648
6,receive,40,S036.0,20,168,173.117
6,receive,124,S037.0,62,252,168.458
6,receive,131,S125.1,65,3,374.488
6,receive,43,S011.1,21,171,257.992
6,receive,155,S052.1,77,27,360.362
6,receive,110,S034.0,55,238,144.521
7,receive,249,S118.1,124,121,56.3648
7,receive,239,S108.1,119,111,322.213
7,receive,31,S026.1,15,159,132.73
7,receive,124,S037.0,62,252,168.458
7,receive,152,S104.0,76,24,231.79
7,receive,234,S102.0,117,106,243.859
7,receive,242,S111.0,121,114,176.474
7,receive,97,S030.1,48,225,170.054
7,receive,121,S084.1,60,249,95.464
7,receive,112,S073.0,56,240,118.493
7,receive,103,S112.1,51,231,256.141
7,receive,96,S030.0,48,224,170.054
7,receive,165,S067.1,82,37,338.18
7,receive,185,S062.1,92,57,181.546
7,receive,140,S044.0,70,12,102.728
7,receive,72,S039.0,36,200,56.3648
7,receive,107,S070.1,53,235,226.535
7,receive,180,S113.0,90,52,500
7,receive,236,S103.0,118,108,182.536
7,receive,146,S051.0,73,18,130.985
7,receive,215,S086.1,107,87,324.486
7,receive,11,S083.1,5,139,184.643
7,receive,243,S111.1,121,115,176.474
7,receive,99,S053.1,49,227,422.45
7,receive,30,S026.0,15,158,132.73
7,receive,45,S012.1,22,173,137.166
7,receive,17,S003.1,8,145,195.044
7,receive,132,S038.0,66,4,168.458
7,receive,233,S100.1,116,105,51.12
7,receive,135,S040.1,67,7,186.542
7,receive,154,S052.0,77,26,139.638
7,receive,171,S058.1,85,43,24.06
7,receive,235,S102.1,117,107,243.859
7,receive,102,S112.0,51,230,256.141
7,receive,43,S011.1,21,171,71.954
7,receive,225,S094.1,112,97,134.797
7,receive,187,S063.1,93,59,74.5505
7,receive,10,S083.0,5,138,184.643
7,receive,5,S049.1,2,133,89.6065
7,receive,13,S127.1,6,141,195.044
7,receive,66,S019.0,33,194,134.794
7,receive,111,S034.1,55,239,355.479
7,receive,98,S053.0,49,226,422.45
7,receive,245,S115.1,122,117,236.494
7,receive,164,S067.0,82,36,338.18
7,receive,4,S049.0,2,132,89.6065
7,receive,92,S043.0,46,220,181.803
7,receive,191,S082.1,95,63,129.977
7,receive,240,S119.0,120,112,118.077
7,receive,2,S001.0,1,130,102.728
7,receive,80,S024.0,40,208,105.62
7,receive,168,S057.0,84,40,118.985
7,receive,159,S064.1,79,31,196.346
7,receive,248,S118.0,124,120,56.3648
7,receive,131,S125.1,65,3,125.512
7,receive,113,S073.1,56,241,118.493
7,receive,232,S100.0,116,104,51.12
7,receive,133,S038.1,66,5,168.458
7,receive,241,S119.1,120,113,118.077
7,receive,84,S093.0,42,212,177.81
7,receive,67,S019.1,33,195,134.794
7,receive,141,S044.1,70,13,102.728
7,receive,175,S091.1,87,47,53.3895
7,receive,41,S036.1,20,169,118.364
7,receive,114,S090.0,57,242,19.493
7,receive,85,S093.1,42,213,177.81
7,receive,144,S046.0,72,16,297.707
7,receive,7,S055.1,3,135,315.444
7,receive,93,S043.1,46,221,181.803
7,receive,169,S057.1,84,41,118.985
7,receive,104,S032.0,52,232,170.054
7,receive,105,S032.1,52,233,170.054
7,receive,1,S000.1,0,129,302.341
7,receive,214,S086.0,107,86,324.486
7,receive,238,S108.0,119,110,322.213
7,receive,21,S006.1,10,149,160.913
7,receive,250,S120.0,125,122,109.04
7,receive,153,S104.1,76,25,231.79
7,receive,210,S085.0,105,82,58.628
7,receive,125,S037.1,62,253,168.458
7,receive,115,S090.1,57,243,19.493
7,receive,106,S070.0,53,234,226.535
7,receive,237,S103.1,118,109,182.536
7,receive,0,S000.0,0,128,302.341
7,receive,73,S039.1,36,201,56.3648
7,receive,49,S114.1,24,177,181.508
7,receive,130,S125.0,65,2,125.512
7,receive,148,S126.0,74,20,435.195
7,receive,224,S094.0,112,96,134.797
7,receive,44,S012.0,22,172,137.166
7,receive,126,S050.0,63,254,6.898
7,receive,186,S063.0,93,58,74.5505
7,receive,158,S064.0,79,30,196.346
7,receive,3,S001.1,1,131,102.728
7,receive,40,S036.0,20,168,118.364
7,receive,42,S011.0,21,170,71.954
7,receive,145,S046.1,72,17,297.707
7,receive,189,S105.1,94,61,177.787
7,receive,220,S117.0,110,92,94.1269
7,receive,134,S040.0,67,6,186.542
7,receive,16,S003.0,8,144,195.044
7,receive,221,S117.1,110,93,94.1269
7,receive,147,S051.1,73,19,130.985
7,receive,149,S126.1,74,21,435.195
7,receive,48,S114.0,24,176,181.508
7,receive,190,S082.0,95,62,129.977
7,receive,188,S105.0,94,60,177.787
7,receive,170,S058.0,85,42,24.06
7,receive,174,S091.0,87,46,53.3895
7,receive,211,S085.1,105,83,58.628
7,receive,127,S050.1,63,255,6.898
7,receive,184,S062.0,92,56,181.546
7,receive,181,S113.1,90,53,500
7,receive,20,S006.0,10,148,160.913
7,receive,120,S084.0,60,248,95.464
7,receive,12,S127.0,6,140,195.044
7,receive,6,S055.0,3,134,315.444
7,receive,110,S034.0,55,238,355.479
7,receive,81,S024.1,40,209,105.62
7,receive,155,S052.1,77,27,139.638
7,receive,244,S115.0,122,116,236.494
7,receive,251,S120.1,125,123,109.04
8,receive,177,S106.1,88,49,53.3895
8,receive,31,S026.1,15,159,316.365
8,receive,157,S077.1,78,29,130.985
8,receive,11,S083.1,5,139,308.313
8,receive,70,S027.0,35,198,318.363
8,receive,142,S074.0,71,14,143.121
8,receive,252,S121.0,126,124,337.832
8,receive,136,S041.0,68,8,234.415
8,receive,71,S027.1,35,199,318.363
8,receive,165,S067.1,82,37,161.821
8,receive,106,S070.0,53,234,46.931
8,receive,85,S093.1,42,213,118.54
8,receive,44,S012.0,22,172,106.875
8,receive,75,S021.1,37,203,317.397
8,receive,50,S013.0,25,178,190.507
8,receive,73,S039.1,36,201,94.1269
8,receive,210,S085.0,105,82,17.093
8,receive,248,S118.0,124,120,88.9212
8,receive,232,S100.0,116,104,310.224
8,receive,80,S024.0,40,208,177.81
8,receive,178,S060.0,89,50,197.659
8,receive,93,S043.1,46,221,20.49
8,receive,145,S046.1,72,17,202.293
8,receive,185,S062.1,92,57,266.223
8,receive,184,S062.0,92,56,266.223
8,receive,48,S114.0,24,176,109.972
8,receive,151,S048.1,75,23,284.14
8,receive,10,S083.0,5,138,308.313
8,receive,238,S108.0,119,110,177.787
8,receive,92,S043.0,46,220,20.49
8,receive,153,S104.1,76,25,268.21
8,receive,103,S112.1,51,231,243.859
8,receive,98,S053.0,49,226,77.55
8,receive,224,S094.0,112,96,365.203
8,receive,121,S084.1,60,249,219.893
8,receive,143,S074.1,71,15,143.121
8,receive,127,S050.1,63,255,268.934
8,receive,146,S051.0,73,18,62.2012
8,receive,147,S051.1,73,19,62.2012
8,receive,211,S085.1,105,83,17.093
8,receive,18,S004.0,9,146,160.913
8,receive,94,S029.0,47,222,177.085
8,receive,187,S063.1,93,59,288.541
8,receive,249,S118.1,124,121,88.9212
8,receive,45,S012.1,22,173,106.875
8,receive,253,S121.1,126,125,337.832
8,receive,126,S050.0,63,254,268.934
8,receive,95,S029.1,47,223,177.085
8,receive,156,S077.0,78,28,130.985
8,receive,240,S119.0,120,112,56.3648
8,receive,124,S037.0,62,252,76.17
8,receive,171,S058.1,85,43,290.052
8,receive,137,S041.1,68,9,234.415
8,receive,174,S091.0,87,46,53.3895
8,receive,23,S123.1,11,151,314.751
8,receive,21,S006.1,10,149,205.457
8,receive,3,S001.1,1,131,174.554
8,receive,175,S091.1,87,47,53.3895
8,receive,167,S056.1,83,39,354.777
8,receive,77,S022.1,38,205,118.54
8,receive,67,S019.1,33,195,317.397
8,receive,148,S126.0,74,20,64.805
8,receive,166,S056.0,83,38,354.777
8,receive,27,S009.1,13,155,316.365
8,receive,241,S119.1,120,113,56.3648
8,receive,19,S004.1,9,147,160.913
8,receive,176,S106.0,88,48,53.3895
8,receive,132,S038.0,66,4,168.458
8,receive,81,S024.1,40,209,177.81
8,receive,179,S060.1,89,51,197.659
8,receive,51,S013.1,25,179,190.507
8,receive,246,S116.0,123,118,8.11967
8,receive,213,S099.1,106,85,500
8,receive,182,S061.0,91,54,357.525
8,receive,183,S061.1,91,55,357.525
8,receive,214,S086.0,107,86,175.514
8,receive,105,S032.1,52,233,126.085
8,receive,120,S084.0,60,248,219.893
8,receive,212,S099.0,106,84,500
8,receive,170,S058.0,85,42,290.052
8,receive,84,S093.0,42,212,118.54
8,receive,54,S047.0,27,182,365.895
8,receive,102,S112.0,51,230,243.859
8,receive,144,S046.0,72,16,202.293
8,receive,222,S092.0,111,94,258.424
8,receive,74,S021.0,37,202,317.397
8,receive,116,S035.0,58,244,51.438
8,receive,55,S047.1,27,183,365.895
8,receive,26,S009.0,13,154,316.365
8,receive,141,S044.1,70,13,150.956
8,receive,239,S108.1,119,111,177.787
8,receive,107,S070.1,53,235,46.931
8,receive,8,S059.0,4,136,398.97
8,receive,76,S022.0,38,204,118.54
8,receive,140,S044.0,70,12,150.956
8,receive,117,S035.1,58,245,51.438
8,receive,22,S123.0,11,150,314.751
8,receive,225,S094.1,112,97,365.203
8,receive,149,S126.1,74,21,64.805
8,receive,152,S104.0,76,24,268.21
8,receive,66,S019.0,33,194,317.397
8,receive,186,S063.0,93,58,288.541
8,receive,215,S086.1,107,87,175.514
8,receive,150,S048.0,75,22,284.14
8,receive,228,S097.0,114,100,321.195
8,receive,164,S067.0,82,36,161.821
8,receive,2,S001.0,1,130,174.554
8,receive,9,S059.1,4,137,398.97
8,receive,221,S117.1,110,93,45.2698
8,receive,125,S037.1,62,253,76.17
8,receive,247,S116.1,123,119,8.11967
8,receive,30,S026.0,15,158,316.365
8,receive,244,S115.0,122,116,263.505
8,receive,223,S092.1,111,95,258.424
8,receive,72,S039.0,36,200,94.1269
8,receive,229,S097.1,114,101,321.195
8,receive,99,S053.1,49,227,77.55
8,receive,96,S030.0,48,224,126.085
8,receive,233,S100.1,116,105,310.224
8,receive,220,S117.0,110,92,45.2698
8,receive,20,S006.0,10,148,205.457
8,receive,133,S038.1,66,5,168.458
8,receive,49,S114.1,24,177,109.972
8,receive,245,S115.1,122,117,263.505
8,receive,190,S082.0,95,62,362.895
8,receive,97,S030.1,48,225,126.085
8,receive,104,S032.0,52,232,126.085
8,receive,191,S082.1,95,63,362.895
9,receive,231,S098.1,115,103,130.985
9,receive,91,S028.1,45,219,137.552
9,receive,20,S006.0,10,148,102.728
9,receive,174,S091.0,87,46,38.8287
9,receive,74,S021.0,37,202,182.603
9,receive,177,S106.1,88,49,53.3895
9,receive,94,S029.0,47,222,221.054
9,receive,82,S025.0,41,210,136.971
9,receive,95,S029.1,47,223,221.054
9,receive,197,S072.1,98,69,34.292
9,receive,19,S004.1,9,147,205.457
9,receive,226,S096.0,113,98,379.212
9,receive,29,S007.1,14,157,8.11967
9,receive,211,S085.1,105,83,188.659
9,receive,116,S035.0,58,244,34.292
9,receive,173,S087.1,86,45,72.575
9,receive,175,S091.1,87,47,38.8287
9,receive,171,S058.1,85,43,130.985
9,receive,179,S060.1,89,51,162.876
9,receive,96,S030.0,48,224,203.861
9,receive,18,S004.0,9,146,205.457
9,receive,71,S027.1,35,199,181.637
9,receive,67,S019.1,33,195,47.809
9,receive,127,S050.1,63,255,224.168
9,receive,220,S117.0,110,92,59.5392
9,receive,30,S026.0,15,158,50.905
9,receive,44,S012.0,22,172,115.921
9,receive,221,S117.1,110,93,59.5392
9,receive,190,S082.0,95,62,7.128
9,receive,246,S116.0,123,118,45.2698
9,receive,75,S021.1,37,203,182.603
9,receive,72,S039.0,36,200,45.2698
9,receive,60,S066.0,30,188,322.858
9,receive,80,S024.0,40,208,118.54
9,receive,90,S028.0,45,218,137.552
9,receive,195,S079.1,97,67,38.8287
9,receive,37,S008.1,18,165,212.155
9,receive,176,S106.0,88,48,53.3895
9,receive,28,S007.0,14,156,8.11967
9,receive,240,S119.0,120,112,94.1269
9,receive,26,S009.0,13,154,183.635
9,receive,247,S116.1,123,119,45.2698
9,receive,117,S035.1,58,245,34.292
9,receive,229,S097.1,114,101,178.805
9,receive,167,S056.1,83,39,145.223
9,receive,62,S017.0,31,190,449.163
9,receive,253,S121.1,126,125,162.168
9,receive,151,S048.1,75,23,215.86
9,receive,83,S025.1,41,211,136.971
9,receive,97,S030.1,48,225,203.861
9,receive,187,S063.1,93,59,136.908
9,receive,227,S096.1,113,99,379.212
9,receive,222,S092.0,111,94,217.923
9,receive,150,S048.0,75,22,215.86
9,receive,196,S072.0,98,68,34.292
9,receive,50,S013.0,25,178,190.507
9,receive,51,S013.1,25,179,190.507
9,receive,76,S022.0,38,204,159.56
9,receive,8,S059.0,4,136,101.03
9,receive,178,S060.0,89,50,162.876
9,receive,147,S051.1,73,19,130.985
9,receive,166,S056.0,83,38,145.223
9,receive,2,S001.0,1,130,136.971
9,receive,249,S118.1,124,121,220.165
9,receive,137,S041.1,68,9,265.585
9,receive,53,S014.1,26,181,226.535
9,receive,9,S059.1,4,137,101.03
9,receive,248,S118.0,124,120,220.165
9,receive,201,S076.1,100,73,185.89
9,receive,10,S083.0,5,138,7.044
9,receive,183,S061.1,91,55,142.475
9,receive,61,S066.1,30,189,322.858
9,receive,55,S047.1,27,183,134.105
9,receive,126,S050.0,63,254,224.168
9,receive,87,S045.1,43,215,119.71
9,receive,22,S123.0,11,150,185.249
9,receive,105,S032.1,52,233,203.861
9,receive,104,S032.0,52,232,203.861
9,receive,23,S123.1,11,151,185.249
9,receive,132,S038.0,66,4,76.17
9,receive,45,S012.1,22,173,115.921
9,receive,141,S044.1,70,13,74.0791
9,receive,63,S017.1,31,191,449.163
9,receive,77,S022.1,38,205,159.56
9,receive,210,S085.0,105,82,188.659
9,receive,36,S008.0,18,164,212.155
9,receive,182,S061.0,91,54,142.475
9,receive,86,S045.0,43,214,119.71
9,receive,143,S074.1,71,15,304.434
9,receive,191,S082.1,95,63,7.128
9,receive,146,S051.0,73,18,130.985
9,receive,3,S001.1,1,131,136.971
9,receive,230,S098.0,115,102,130.985
9,receive,228,S097.0,114,100,178.805
9,receive,232,S100.0,116,104,138.656
9,receive,27,S009.1,13,155,183.635
9,receive,21,S006.1,10,149,102.728
9,receive,81,S024.1,40,209,118.54
9,receive,156,S077.0,78,28,116.776
9,receive,52,S014.0,26,180,226.535
9,receive,133,S038.1,66,5,76.17
9,receive,84,S093.0,42,212,3.337
9,receive,136,S041.0,68,8,265.585
9,receive,172,S087.0,86,44,72.575
9,receive,157,S077.1,78,29,116.776
9,receive,186,S063.0,93,58,136.908
9,receive,184,S062.0,92,56,52.2315
9,receive,11,S083.1,5,139,7.044
9,receive,31,S026.1,15,159,50.905
9,receive,194,S079.0,97,66,38.8287
9,receive,252,S121.0,126,124,162.168
9,receive,66,S019.0,33,194,47.809
9,receive,233,S100.1,116,105,138.656
9,receive,241,S119.1,120,113,94.1269
9,receive,185,S062.1,92,57,52.2315
9,receive,200,S076.0,100,72,185.89
9,receive,54,S047.0,27,182,134.105
9,receive,73,S039.1,36,201,45.2698
9,receive,170,S058.0,85,42,130.985
9,receive,223,S092.1,111,95,217.923
9,receive,140,S044.0,70,12,74.0791
9,receive,70,S027.0,35,198,181.637
9,receive,85,S093.1,42,213,3.337
9,receive,142,S074.0,71,14,304.434
10,receive,230,S098.0,115,102,62.2012
10,receive,142,S074.0,71,14,52.445
10,receive,76,S022.0,38,204,177.81
10,receive,61,S066.1,30,189,177.142
10,receive,157,S077.1,78,29,202.864
10,receive,81,S024.1,40,209,3.337
10,receive,179,S060.1,89,51,139.466
10,receive,52,S014.0,26,180,226.535
10,receive,53,S014.1,26,181,226.535
10,receive,219,S088.1,109,91,38.8287
10,receive,147,S051.1,73,19,175.828
10,receive,211,S085.1,105,83,34.292
10,receive,192,S071.0,96,64,34.292
10,receive,172,S087.0,86,44,357.525
10,receive,37,S008.1,18,165,287.845
10,receive,77,S022.1,38,205,177.81
10,receive,139,S042.1,69,11,150.956
10,receive,241,S119.1,120,113,45.2698
10,receive,50,S013.0,25,178,115.921
10,receive,195,S079.1,97,67,35.7113
10,receive,171,S058.1,85,43,54.9027
10,receive,86,S045.0,43,214,205.457
10,receive,116,S035.0,58,244,25.719
10,receive,175,S091.1,87,47,35.7113
10,receive,176,S106.0,88,48,38.8287
10,receive,2,S001.0,1,130,85.7465
10,receive,82,S025.0,41,210,119.71
10,receive,178,S060.0,89,50,139.466
10,receive,222,S092.0,111,94,23.6525
10,receive,85,S093.1,42,213,94.693
10,receive,249,S118.1,124,121,134.549
10,receive,73,S039.1,36,201,59.5392
10,receive,170,S058.0,85,42,54.9027
10,receive,90,S028.0,45,218,266.325
10,receive,3,S001.1,1,131,85.7465
10,receive,87,S045.1,43,215,205.457
10,receive,223,S092.1,111,95,23.6525
10,receive,231,S098.1,115,103,62.2012
10,receive,218,S088.0,109,90,38.8287
10,receive,63,S017.1,31,191,50.837
10,receive,83,S025.1,41,211,119.71
10,receive,173,S087.1,86,45,357.525
10,receive,197,S072.1,98,69,25.719
10,receive,45,S012.1,22,173,140.038
10,receive,72,S039.0,36,200,59.5392
10,receive,196,S072.0,98,68,25.719
10,receive,146,S051.0,73,18,175.828
10,receive,200,S076.0,100,72,200.099
10,receive,36,S008.0,18,164,287.845
10,receive,21,S006.1,10,149,30.9022
10,receive,156,S077.0,78,28,202.864
10,receive,28,S007.0,14,156,45.2698
10,receive,194,S079.0,97,66,35.7113
10,receive,84,S093.0,42,212,94.693
10,receive,177,S106.1,88,49,38.8287
10,receive,119,S065.1,59,247,25.719
10,receive,118,S065.0,59,246,25.719
10,receive,220,S117.0,110,92,68.3903
10,receive,62,S017.0,31,190,50.837
10,receive,29,S007.1,14,157,45.2698
10,receive,138,S042.0,69,10,150.956
10,receive,246,S116.0,123,118,59.5392
10,receive,226,S096.0,113,98,120.788
10,receive,60,S066.0,30,188,177.142
10,receive,19,S004.1,9,147,102.728
10,receive,247,S116.1,123,119,59.5392
10,receive,174,S091.0,87,46,35.7113
10,receive,227,S096.1,113,99,120.788
10,receive,14,S002.0,7,142,8.11967
10,receive,221,S117.1,110,93,68.3903
10,receive,80,S024.0,40,208,3.337
10,receive,18,S004.0,9,146,102.728
10,receive,44,S012.0,22,172,140.038
10,receive,117,S035.1,58,245,25.719
10,receive,210,S085.0,105,82,34.292
10,receive,240,S119.0,120,112,45.2698
10,receive,15,S002.1,7,143,8.11967
10,receive,201,S076.1,100,73,200.099
10,receive,248,S118.0,124,120,134.549
10,receive,143,S074.1,71,15,52.445
10,receive,95,S029.1,47,223,101.861
10,receive,51,S013.1,25,179,115.921
10,receive,140,S044.0,70,12,172.237
10,receive,94,S029.0,47,222,101.861
10,receive,20,S006.0,10,148,30.9022
10,receive,141,S044.1,70,13,172.237
10,receive,193,S071.1,96,65,34.292
10,receive,91,S028.1,45,219,266.325
11,receive,218,S088.0,109,90,35.7113
11,receive,73,S039.1,36,201,68.3903
11,receive,156,S077.0,78,28,49.375
11,receive,18,S004.0,9,146,30.9022
11,receive,174,S091.0,87,46,31.8145
11,receive,230,S098.0,115,102,130.985
11,receive,221,S117.1,110,93,31.8145
11,receive,59,S016.1,29,187,500
11,receive,246,S116.0,123,118,68.3903
11,receive,82,S025.0,41,210,205.457
11,receive,91,S028.1,45,219,96.1232
11,receive,175,S091.1,87,47,31.8145
11,receive,76,S022.0,38,204,44.09
11,receive,80,S024.0,40,208,94.693
11,receive,220,S117.0,110,92,31.8145
11,receive,28,S007.0,14,156,59.5392
11,receive,83,S025.1,41,211,205.457
11,receive,208,S101.0,104,80,38.8287
11,receive,247,S116.1,123,119,68.3903
11,receive,79,S023.1,39,207,177.81
11,receive,240,S119.0,120,112,59.5392
11,receive,211,S085.1,105,83,25.719
11,receive,196,S072.0,98,68,25.719
11,receive,193,S071.1,96,65,25.719
11,receive,177,S106.1,88,49,35.7113
11,receive,53,S014.1,26,181,46.931
11,receive,119,S065.1,59,247,25.719
11,receive,209,S101.1,104,81,38.8287
11,receive,138,S042.0,69,10,227.832
11,receive,118,S065.0,59,246,25.719
11,receive,176,S106.0,88,48,35.7113
11,receive,200,S076.0,100,72,114.011
11,receive,219,S088.1,109,91,35.7113
11,receive,58,S016.0,29,186,500
11,receive,81,S024.1,40,209,94.693
11,receive,14,S002.0,7,142,45.2698
11,receive,51,S013.1,25,179,3.064
11,receive,19,S004.1,9,147,30.9022
11,receive,77,S022.1,38,205,44.09
11,receive,231,S098.1,115,103,130.985
11,receive,29,S007.1,14,157,59.5392
11,receive,78,S023.0,39,206,177.81
11,receive,192,S071.0,96,64,25.719
11,receive,72,S039.0,36,200,68.3903
11,receive,173,S087.1,86,45,69.9
11,receive,157,S077.1,78,29,49.375
11,receive,90,S028.0,45,218,96.1232
11,receive,197,S072.1,98,69,25.719
11,receive,15,S002.1,7,143,45.2698
11,receive,195,S079.1,97,67,31.8145
11,receive,241,S119.1,120,113,59.5392
11,receive,117,S035.1,58,245,25.719
11,receive,201,S076.1,100,73,114.011
11,receive,87,S045.1,43,215,174.833
11,receive,139,S042.1,69,11,227.832
11,receive,116,S035.0,58,244,25.719
11,receive,86,S045.0,43,214,174.833
11,receive,194,S079.0,97,66,31.8145
11,receive,172,S087.0,86,44,69.9
11,receive,50,S013.0,25,178,3.064
11,receive,52,S014.0,26,180,46.931
11,receive,210,S085.0,105,82,25.719
12,receive,139,S042.1,69,11,121.213
12,receive,29,S007.1,14,157,68.3903
12,receive,15,S002.1,7,143,59.5392
12,receive,247,S116.1,123,119,31.8145
12,receive,117,S035.1,58,245,25.719
12,receive,192,S071.0,96,64,25.719
12,receive,174,S091.0,87,46,35.6533
12,receive,72,S039.0,36,200,31.8145
12,receive,203,S078.1,101,75,25.719
12,receive,202,S078.0,101,74,25.719
12,receive,241,S119.1,120,113,68.3903
12,receive,230,S098.0,115,102,175.828
12,receive,208,S101.0,104,80,35.7113
12,receive,211,S085.1,105,83,25.719
12,receive,193,S071.1,96,65,25.719
12,receive,231,S098.1,115,103,175.828
12,receive,119,S065.1,59,247,25.719
12,receive,82,S025.0,41,210,37.8625
12,receive,196,S072.0,98,68,25.719
12,receive,138,S042.0,69,10,121.213
12,receive,220,S117.0,110,92,26.4172
12,receive,240,S119.0,120,112,68.3903
12,receive,118,S065.0,59,246,25.719
12,receive,246,S116.0,123,118,31.8145
12,receive,221,S117.1,110,93,26.4172
12,receive,73,S039.1,36,201,31.8145
12,receive,206,S081.0,103,78,34.292
12,receive,28,S007.0,14,156,68.3903
12,receive,210,S085.0,105,82,25.719
12,receive,176,S106.0,88,48,31.8145
12,receive,78,S023.0,39,206,311.53
12,receive,197,S072.1,98,69,25.719
12,receive,195,S079.1,97,67,30.8135
12,receive,83,S025.1,41,211,37.8625
12,receive,14,S002.0,7,142,59.5392
12,receive,209,S101.1,104,81,35.7113
12,receive,218,S088.0,109,90,31.8145
12,receive,207,S081.1,103,79,34.292
12,receive,57,S015.1,28,185,115.921
12,receive,175,S091.1,87,47,35.6533
12,receive,177,S106.1,88,49,31.8145
12,receive,204,S080.0,102,76,25.719
12,receive,205,S080.1,102,77,25.719
12,receive,194,S079.0,97,66,30.8135
12,receive,219,S088.1,109,91,31.8145
12,receive,79,S023.1,39,207,311.53
12,receive,56,S015.0,28,184,115.921
12,receive,116,S035.0,58,244,25.719
13,receive,72,S039.0,36,200,26.4172
13,receive,119,S065.1,59,247,25.719
13,receive,57,S015.1,28,185,204.661
13,receive,218,S088.0,109,90,30.8135
13,receive,192,S071.0,96,64,25.719
13,receive,219,S088.1,109,91,30.8135
13,receive,246,S116.0,123,118,35.6533
13,receive,210,S085.0,105,82,25.719
13,receive,247,S116.1,123,119,35.6533
13,receive,208,S101.0,104,80,31.8145
13,receive,175,S091.1,87,47,54.5604
13,receive,206,S081.0,103,78,25.719
13,receive,14,S002.0,7,142,68.3903
13,receive,28,S007.0,14,156,31.8145
13,receive,78,S023.0,39,206,10.66
13,receive,204,S080.0,102,76,25.719
13,receive,193,S071.1,96,65,25.719
13,receive,15,S002.1,7,143,68.3903
13,receive,117,S035.1,58,245,25.719
13,receive,29,S007.1,14,157,31.8145
13,receive,205,S080.1,102,77,25.719
13,receive,197,S072.1,98,69,25.719
13,receive,203,S078.1,101,75,25.719
13,receive,241,S119.1,120,113,31.8145
13,receive,195,S079.1,97,67,25.719
13,receive,207,S081.1,103,79,25.719
13,receive,240,S119.0,120,112,31.8145
13,receive,211,S085.1,105,83,25.719
13,receive,176,S106.0,88,48,35.6533
13,receive,79,S023.1,39,207,10.66
13,receive,116,S035.0,58,244,25.719
13,receive,177,S106.1,88,49,35.6533
13,receive,118,S065.0,59,246,25.719
13,receive,194,S079.0,97,66,25.719
13,receive,73,S039.1,36,201,26.4172
13,receive,174,S091.0,87,46,54.5604
13,receive,56,S015.0,28,184,204.661
13,receive,202,S078.0,101,74,25.719
13,receive,196,S072.0,98,68,25.719
13,receive,209,S101.1,104,81,31.8145
14,receive,211,S085.1,105,83,25.719
14,receive,208,S101.0,104,80,30.8135
14,receive,119,S065.1,59,247,25.719
14,receive,118,S065.0,59,246,25.719
14,receive,218,S088.0,109,90,25.719
14,receive,202,S078.0,101,74,25.719
14,receive,192,S071.0,96,64,25.719
14,receive,205,S080.1,102,77,25.719
14,receive,15,S002.1,7,143,31.8145
14,receive,57,S015.1,28,185,179.418
14,receive,206,S081.0,103,78,25.719
14,receive,176,S106.0,88,48,54.5604
14,receive,209,S101.1,104,81,30.8135
14,receive,240,S119.0,120,112,26.4172
14,receive,241,S119.1,120,113,26.4172
14,receive,207,S081.1,103,79,25.719
14,receive,203,S078.1,101,75,25.719
14,receive,175,S091.1,87,47,54.5604
14,receive,193,S071.1,96,65,25.719
14,receive,197,S072.1,98,69,25.719
14,receive,174,S091.0,87,46,54.5604
14,receive,246,S116.0,123,118,54.5604
14,receive,219,S088.1,109,91,25.719
14,receive,116,S035.0,58,244,25.719
14,receive,210,S085.0,105,82,25.719
14,receive,117,S035.1,58,245,25.719
14,receive,29,S007.1,14,157,35.6533
14,receive,195,S079.1,97,67,25.719
14,receive,56,S015.0,28,184,179.418
14,receive,204,S080.0,102,76,25.719
14,receive,194,S079.0,97,66,25.719
14,receive,28,S007.0,14,156,35.6533
14,receive,196,S072.0,98,68,25.719
14,receive,247,S116.1,123,119,54.5604
14,receive,14,S002.0,7,142,31.8145
14,receive,177,S106.1,88,49,54.5604
15,receive,15,S002.1,7,143,35.6533
15,receive,195,S079.1,97,67,25.719
15,receive,177,S106.1,88,49,54.5604
15,receive,247,S116.1,123,119,54.5604
15,receive,202,S078.0,101,74,25.719
15,receive,116,S035.0,58,244,25.719
15,receive,203,S078.1,101,75,25.719
15,receive,211,S085.1,105,83,25.719
15,receive,209,S101.1,104,81,25.719
15,receive,174,S091.0,87,46,54.5604
15,receive,208,S101.0,104,80,25.719
15,receive,29,S007.1,14,157,54.5604
15,receive,210,S085.0,105,82,25.719
15,receive,204,S080.0,102,76,25.719
15,receive,207,S081.1,103,79,25.719
15,receive,193,S071.1,96,65,25.719
15,receive,194,S079.0,97,66,25.719
15,receive,28,S007.0,14,156,54.5604
15,receive,175,S091.1,87,47,54.5604
15,receive,218,S088.0,109,90,25.719
15,receive,192,S071.0,96,64,25.719
15,receive,206,S081.0,103,78,25.719
15,receive,205,S080.1,102,77,25.719
15,receive,176,S106.0,88,48,54.5604
15,receive,14,S002.0,7,142,35.6533
15,receive,246,S116.0,123,118,54.5604
15,receive,219,S088.1,109,91,25.719
15,receive,118,S065.0,59,246,25.719
15,receive,117,S035.1,58,245,25.719
15,receive,197,S072.1,98,69,25.719
15,receive,119,S065.1,59,247,25.719
15,receive,196,S072.0,98,68,25.719
16,receive,208,S101.0,104,80,25.719
16,receive,209,S101.1,104,81,25.719
16,receive,118,S065.0,59,246,25.719
16,receive,204,S080.0,102,76,25.719
16,receive,15,S002.1,7,143,54.5604
16,receive,202,S078.0,101,74,25.719
16,receive,117,S035.1,58,245,25.719
16,receive,218,S088.0,109,90,25.719
16,receive,29,S007.1,14,157,54.5604
16,receive,174,S091.0,87,46,58.071
16,receive,207,S081.1,103,79,25.719
16,receive,14,S002.0,7,142,54.5604
16,receive,206,S081.0,103,78,25.719
16,receive,210,S085.0,105,82,25.719
16,receive,119,S065.1,59,247,25.719
16,receive,192,S071.0,96,64,25.719
16,receive,203,S078.1,101,75,25.719
16,receive,194,S079.0,97,66,25.719
16,receive,211,S085.1,105,83,25.719
16,receive,247,S116.1,123,119,54.5604
16,receive,176,S106.0,88,48,54.5604
16,receive,193,S071.1,96,65,25.719
16,receive,175,S091.1,87,47,58.071
16,receive,246,S116.0,123,118,54.5604
16,receive,197,S072.1,98,69,25.719
16,receive,116,S035.0,58,244,25.719
16,receive,195,S079.1,97,67,25.719
16,receive,196,S072.0,98,68,25.719
16,receive,205,S080.1,102,77,25.719
16,receive,28,S007.0,14,156,54.5604
16,receive,219,S088.1,109,91,25.719
16,receive,177,S106.1,88,49,54.5604
17,receive,202,S078.0,101,74,25.719
17,receive,116,S035.0,58,244,26.6038
17,receive,211,S085.1,105,83,25.719
17,receive,119,S065.1,59,247,26.6038
17,receive,197,S072.1,98,69,26.6038
17,receive,192,S071.0,96,64,25.719
17,receive,219,S088.1,109,91,25.719
17,receive,174,S091.0,87,46,29.461
17,receive,206,S081.0,103,78,25.719
17,receive,247,S116.1,123,119,58.071
17,receive,195,S079.1,97,67,44.1817
17,receive,208,S101.0,104,80,25.719
17,receive,175,S091.1,87,47,29.461
17,receive,29,S007.1,14,157,54.5604
17,receive,205,S080.1,102,77,25.719
17,receive,203,S078.1,101,75,25.719
17,receive,194,S079.0,97,66,44.1817
17,receive,177,S106.1,88,49,40.518
17,receive,28,S007.0,14,156,54.5604
17,receive,196,S072.0,98,68,26.6038
17,receive,15,S002.1,7,143,54.5604
17,receive,176,S106.0,88,48,40.518
17,receive,117,S035.1,58,245,26.6038
17,receive,218,S088.0,109,90,25.719
17,receive,14,S002.0,7,142,54.5604
17,receive,118,S065.0,59,246,26.6038
17,receive,207,S081.1,103,79,25.719
17,receive,246,S116.0,123,118,58.071
17,receive,209,S101.1,104,81,25.719
17,receive,204,S080.0,102,76,25.719
17,receive,210,S085.0,105,82,25.719
17,receive,193,S071.1,96,65,25.719
18,receive,211,S085.1,105,83,21.295
18,receive,28,S007.0,14,156,58.071
18,receive,218,S088.0,109,90,44.1817
18,receive,247,S116.1,123,119,29.461
18,receive,119,S065.1,59,247,30.8628
18,receive,219,S088.1,109,91,44.1817
18,receive,195,S079.1,97,67,39.0039
18,receive,192,S071.0,96,64,26.6038
18,receive,202,S078.0,101,74,44.1817
18,receive,177,S106.1,88,49,44.1817
18,receive,14,S002.0,7,142,54.5604
18,receive,208,S101.0,104,80,25.719
18,receive,197,S072.1,98,69,30.8628
18,receive,194,S079.0,97,66,39.0039
18,receive,210,S085.0,105,82,21.295
18,receive,176,S106.0,88,48,44.1817
18,receive,193,S071.1,96,65,26.6038
18,receive,209,S101.1,104,81,25.719
18,receive,206,S081.0,103,78,25.719
18,receive,117,S035.1,58,245,30.8628
18,receive,196,S072.0,98,68,30.8628
18,receive,205,S080.1,102,77,44.1817
18,receive,207,S081.1,103,79,25.719
18,receive,15,S002.1,7,143,54.5604
18,receive,246,S116.0,123,118,29.461
18,receive,118,S065.0,59,246,30.8628
18,receive,116,S035.0,58,244,30.8628
18,receive,29,S007.1,14,157,58.071
18,receive,203,S078.1,101,75,44.1817
18,receive,204,S080.0,102,76,44.1817
19,receive,14,S002.0,7,142,58.071
19,receive,192,S071.0,96,64,30.8628
19,receive,118,S065.0,59,246,30.8628
19,receive,28,S007.0,14,156,29.461
19,receive,204,S080.0,102,76,39.0039
19,receive,193,S071.1,96,65,30.8628
19,receive,119,S065.1,59,247,30.8628
19,receive,15,S002.1,7,143,58.071
19,receive,208,S101.0,104,80,44.1817
19,receive,202,S078.0,101,74,39.0039
19,receive,194,S079.0,97,66,30.8628
19,receive,197,S072.1,98,69,30.8628
19,receive,29,S007.1,14,157,29.461
19,receive,219,S088.1,109,91,39.0039
19,receive,177,S106.1,88,49,2.83229
19,receive,117,S035.1,58,245,30.8628
19,receive,205,S080.1,102,77,39.0039
19,receive,206,S081.0,103,78,44.1817
19,receive,203,S078.1,101,75,39.0039
19,receive,207,S081.1,103,79,44.1817
19,receive,195,S079.1,97,67,30.8628
19,receive,196,S072.0,98,68,30.8628
19,receive,209,S101.1,104,81,44.1817
19,receive,176,S106.0,88,48,2.83229
19,receive,218,S088.0,109,90,39.0039
19,receive,116,S035.0,58,244,30.8628
20,receive,193,S071.1,96,65,30.8628
20,receive,192,S071.0,96,64,30.8628
20,receive,196,S072.0,98,68,30.8628
20,receive,116,S035.0,58,244,30.8628
20,receive,119,S065.1,59,247,30.8628
20,receive,118,S065.0,59,246,30.8628
20,receive,194,S079.0,97,66,30.8628
20,receive,207,S081.1,103,79,39.0039
20,receive,203,S078.1,101,75,30.8628
20,receive,206,S081.0,103,78,39.0039
20,receive,117,S035.1,58,245,30.8628
20,receive,202,S078.0,101,74,30.8628
20,receive,197,S072.1,98,69,30.8628
20,receive,205,S080.1,102,77,30.8628
20,receive,209,S101.1,104,81,39.0039
20,receive,208,S101.0,104,80,39.0039
20,receive,14,S002.0,7,142,29.461
20,receive,15,S002.1,7,143,29.461
20,receive,218,S088.0,109,90,30.8628
20,receive,219,S088.1,109,91,30.8628
20,receive,204,S080.0,102,76,30.8628
20,receive,195,S079.1,97,67,30.8628
21,receive,197,S072.1,98,69,30.8628
21,receive,209,S101.1,104,81,30.8628
21,receive,204,S080.0,102,76,30.8628
21,receive,202,S078.0,101,74,30.8628
21,receive,218,S088.0,109,90,30.8628
21,receive,206,S081.0,103,78,30.8628
21,receive,119,S065.1,59,247,30.8628
21,receive,205,S080.1,102,77,30.8628
21,receive,193,S071.1,96,65,30.8628
21,receive,208,S101.0,104,80,30.8628
21,receive,192,S071.0,96,64,30.8628
21,receive,117,S035.1,58,245,30.8628
21,receive,195,S079.1,97,67,30.8628
21,receive,219,S088.1,109,91,30.8628
21,receive,116,S035.0,58,244,30.8628
21,receive,194,S079.0,97,66,30.8628
21,receive,203,S078.1,101,75,30.8628
21,receive,118,S065.0,59,246,30.8628
21,receive,196,S072.0,98,68,30.8628
21,receive,207,S081.1,103,79,30.8628
22,receive,218,S088.0,109,90,30.8628
22,receive,219,S088.1,109,91,30.8628
22,receive,119,S065.1,59,247,30.8628
22,receive,116,S035.0,58,244,30.8628
22,receive,206,S081.0,103,78,30.8628
22,receive,205,S080.1,102,77,30.8628
22,receive,202,S078.0,101,74,30.8628
22,receive,208,S101.0,104,80,30.8628
22,receive,117,S035.1,58,245,30.8628
22,receive,203,S078.1,101,75,30.8628
22,receive,118,S065.0,59,246,30.8628
22,receive,196,S072.0,98,68,30.8628
22,receive,195,S079.1,97,67,30.8628
22,receive,204,S080.0,102,76,30.8628
22,receive,194,S079.0,97,66,30.8628
22,receive,197,S072.1,98,69,30.8628
22,receive,193,S071.1,96,65,30.8628
22,receive,207,S081.1,103,79,30.8628
22,receive,192,S071.0,96,64,30.8628
22,receive,209,S101.1,104,81,30.8628
23,receive,204,S080.0,102,76,30.8628
23,receive,206,S081.0,103,78,30.8628
23,receive,195,S079.1,97,67,30.8628
23,receive,202,S078.0,101,74,30.8628
23,receive,219,S088.1,109,91,30.8628
23,receive,192,S071.0,96,64,30.8628
23,receive,193,S071.1,96,65,30.8628
23,receive,208,S101.0,104,80,30.8628
23,receive,197,S072.1,98,69,30.8628
23,receive,194,S079.0,97,66,30.8628
23,receive,119,S065.1,59,247,30.8628
23,receive,117,S035.1,58,245,30.8628
23,receive,196,S072.0,98,68,30.8628
23,receive,205,S080.1,102,77,30.8628
23,receive,118,S065.0,59,246,30.8628
23,receive,207,S081.1,103,79,30.8628
23,receive,218,S088.0,109,90,30.8628
23,receive,203,S078.1,101,75,30.8628
23,receive,116,S035.0,58,244,30.8628
23,receive,209,S101.1,104,81,30.8628
24,receive,193,S071.1,96,65,30.8628
24,receive,195,S079.1,97,67,22.4564
24,receive,218,S088.0,109,90,30.8628
24,receive,207,S081.1,103,79,30.8628
24,receive,117,S035.1,58,245,22.4564
24,receive,116,S035.0,58,244,22.4564
24,receive,119,S065.1,59,247,36.4671
24,receive,208,S101.0,104,80,30.8628
24,receive,196,S072.0,98,68,36.4671
24,receive,209,S101.1,104,81,30.8628
24,receive,204,S080.0,102,76,30.8628
24,receive,203,S078.1,101,75,30.8628
24,receive,205,S080.1,102,77,30.8628
24,receive,202,S078.0,101,74,30.8628
24,receive,219,S088.1,109,91,30.8628
24,receive,197,S072.1,98,69,36.4671
24,receive,194,S079.0,97,66,22.4564
24,receive,118,S065.0,59,246,36.4671
24,receive,192,S071.0,96,64,30.8628
24,receive,206,S081.0,103,78,30.8628
25,receive,118,S065.0,59,246,65.4487
25,receive,192,S071.0,96,64,36.4671
25,receive,196,S072.0,98,68,37.4273
25,receive,193,S071.1,96,65,36.4671
25,receive,219,S088.1,109,91,22.4564
25,receive,205,S080.1,102,77,36.4671
25,receive,202,S078.0,101,74,36.4671
25,receive,208,S101.0,104,80,30.8628
25,receive,203,S078.1,101,75,36.4671
25,receive,209,S101.1,104,81,30.8628
25,receive,197,S072.1,98,69,37.4273
25,receive,218,S088.0,109,90,22.4564
25,receive,207,S081.1,103,79,30.8628
25,receive,206,S081.0,103,78,30.8628
25,receive,204,S080.0,102,76,36.4671
25,receive,119,S065.1,59,247,65.4487
26,receive,193,S071.1,96,65,37.4273
26,receive,204,S080.0,102,76,65.4487
26,receive,203,S078.1,101,75,65.4487
26,receive,205,S080.1,102,77,65.4487
26,receive,208,S101.0,104,80,22.4564
26,receive,209,S101.1,104,81,22.4564
26,receive,118,S065.0,59,246,6.27067
26,receive,207,S081.1,103,79,36.4671
26,receive,202,S078.0,101,74,65.4487
26,receive,206,S081.0,103,78,36.4671
26,receive,192,S071.0,96,64,37.4273
26,receive,119,S065.1,59,247,6.27067
27,receive,205,S080.1,102,77,6.27067
27,receive,202,S078.0,101,74,6.27067
27,receive,207,S081.1,103,79,37.4273
27,receive,203,S078.1,101,75,6.27067
27,receive,206,S081.0,103,78,37.4273
27,receive,204,S080.0,102,76,6.27067
