interval,event,switch,switch_name,port,target_type,target_index,flow_id,source_terminal,destination_terminal,creation_interval,age_intervals,capacity_gbit,queued_before_gbit,send_gbit,remaining_after_gbit,dropped_gbit
1,stage_arrival,10,S61,0,switch,1,50522,21,0,0,1,227.172,0,0,100,0
1,stage_arrival,6,S02,0,switch,1,50520,12,0,0,1,138.732,0,0,100,0
1,stage_arrival,53,S55,1,switch,40,50523,106,0,0,1,298.054,0,0,100,0
1,stage_arrival,30,S14,2,switch,31,50521,61,0,0,1,290.433,0,0,100,0
1,allocate_send_arrival,10,S61,0,switch,1,50522,21,0,0,1,227.172,0,100,0,0
1,allocate_send_arrival,53,S55,1,switch,40,50523,106,0,0,1,298.054,0,100,0,0
1,allocate_send_arrival,30,S14,2,switch,31,50521,61,0,0,1,290.433,0,100,0,0
1,allocate_send_arrival,6,S02,0,switch,1,50520,12,0,0,1,138.732,0,100,0,0
2,stage_arrival,1,S01,0,switch,0,50522,21,0,0,2,159.728,0,0,100,0
2,stage_arrival,53,S55,1,switch,40,50523,106,0,0,2,298.054,0,0,100,0
2,stage_arrival,1,S01,0,switch,0,50520,12,0,0,2,159.728,0,0,100,0
2,stage_arrival,40,S29,1,switch,45,50523,106,0,0,2,131.396,0,0,100,0
2,stage_arrival,30,S14,2,switch,31,50521,61,0,0,2,290.433,0,0,100,0
2,stage_arrival,31,S62,3,switch,5,50521,61,0,0,2,238.676,0,0,100,0
2,stage_arrival,6,S02,0,switch,1,50520,12,0,0,2,138.732,0,0,100,0
2,stage_arrival,10,S61,0,switch,1,50522,21,0,0,2,227.172,0,0,100,0
2,allocate_send_arrival,31,S62,3,switch,5,50521,61,0,0,2,238.676,0,100,0,0
2,allocate_send_arrival,6,S02,0,switch,1,50520,12,0,0,2,138.732,0,100,0,0
2,allocate_send_arrival,30,S14,2,switch,31,50521,61,0,0,2,290.433,0,100,0,0
2,allocate_send_arrival,1,S01,0,switch,0,50522,21,0,0,2,159.728,0,79.864,20.136,0
2,enqueue_residual,1,S01,0,switch,0,50522,21,0,0,2,159.728,0,0,20.136,0
2,allocate_send_arrival,1,S01,0,switch,0,50520,12,0,0,2,159.728,0,79.864,20.136,0
2,enqueue_residual,1,S01,0,switch,0,50520,12,0,0,2,159.728,0,0,20.136,0
2,allocate_send_arrival,10,S61,0,switch,1,50522,21,0,0,2,227.172,0,100,0,0
2,allocate_send_arrival,53,S55,1,switch,40,50523,106,0,0,2,298.054,0,100,0,0
2,allocate_send_arrival,40,S29,1,switch,45,50523,106,0,0,2,131.396,0,100,0,0
3,allocate_send_buffered,1,S01,0,switch,0,50522,21,0,0,3,159.728,40.272,20.136,0,0
3,allocate_send_buffered,1,S01,0,switch,0,50520,12,0,0,3,159.728,40.272,20.136,0,0
3,stage_arrival,1,S01,0,switch,0,50520,12,0,0,3,159.728,0,0,100,0
3,stage_arrival,31,S62,3,switch,5,50521,61,0,0,3,238.676,0,0,100,0
3,stage_arrival,40,S29,1,switch,45,50523,106,0,0,3,131.396,0,0,100,0
3,stage_arrival,10,S61,0,switch,1,50522,21,0,0,3,227.172,0,0,80.6595,0
3,stage_arrival,1,S01,0,switch,0,50522,21,0,0,3,159.728,0,0,100,0
3,stage_arrival,0,S00,5,terminal,0,50520,12,0,0,3,1000,0,0,79.864,0
3,stage_arrival,53,S55,1,switch,40,50523,106,0,0,3,298.054,0,0,100,0
3,stage_arrival,6,S02,0,switch,1,50520,12,0,0,3,138.732,0,0,80.1819,0
3,stage_arrival,30,S14,2,switch,31,50521,61,0,0,3,290.433,0,0,100,0
3,stage_arrival,0,S00,5,terminal,0,50522,21,0,0,3,1000,0,0,79.864,0
3,stage_arrival,45,S28,2,switch,43,50523,106,0,0,3,227.415,0,0,100,0
3,stage_arrival,5,S63,0,switch,0,50521,61,0,0,3,259.679,0,0,100,0
3,allocate_send_arrival,31,S62,3,switch,5,50521,61,0,0,3,238.676,0,100,0,0
3,allocate_send_arrival,0,S00,5,terminal,0,50520,12,0,0,3,1000,0,79.864,0,0
3,allocate_send_arrival,0,S00,5,terminal,0,50522,21,0,0,3,1000,0,79.864,0,0
3,allocate_send_arrival,53,S55,1,switch,40,50523,106,0,0,3,298.054,0,100,0,0
3,allocate_send_arrival,5,S63,0,switch,0,50521,61,0,0,3,259.679,0,100,0,0
3,allocate_send_arrival,10,S61,0,switch,1,50522,21,0,0,3,227.172,0,80.6595,0,0
3,allocate_send_arrival,40,S29,1,switch,45,50523,106,0,0,3,131.396,0,100,0,0
3,allocate_send_arrival,30,S14,2,switch,31,50521,61,0,0,3,290.433,0,100,0,0
3,allocate_send_arrival,1,S01,0,switch,0,50520,12,0,0,3,159.728,0,59.728,40.272,0
3,enqueue_residual,1,S01,0,switch,0,50520,12,0,0,3,159.728,0,0,40.272,0
3,allocate_send_arrival,1,S01,0,switch,0,50522,21,0,0,3,159.728,0,59.728,40.272,0
3,enqueue_residual,1,S01,0,switch,0,50522,21,0,0,3,159.728,0,0,40.272,0
3,allocate_send_arrival,45,S28,2,switch,43,50523,106,0,0,3,227.415,0,100,0,0
3,allocate_send_arrival,6,S02,0,switch,1,50520,12,0,0,3,138.732,0,80.1819,0,0
4,allocate_send_buffered,1,S01,0,switch,0,50520,12,0,0,4,159.728,80.544,40.272,0,0
4,allocate_send_buffered,1,S01,0,switch,0,50522,21,0,0,4,159.728,80.544,40.272,0,0
4,stage_arrival,1,S01,0,switch,0,50522,21,0,0,4,159.728,0,0,80.6595,0
4,stage_arrival,0,S00,5,terminal,0,50522,21,0,0,4,1000,0,0,20.136,0
4,stage_arrival,1,S01,0,switch,0,50520,12,0,0,4,159.728,0,0,80.1819,0
4,stage_arrival,30,S14,2,switch,31,50521,61,0,0,4,290.433,0,0,100,0
4,stage_arrival,10,S61,0,switch,1,50522,21,0,0,4,227.172,0,0,79.864,0
4,stage_arrival,5,S63,0,switch,0,50521,61,0,0,4,259.679,0,0,100,0
4,stage_arrival,40,S29,1,switch,45,50523,106,0,0,4,131.396,0,0,100,0
4,stage_arrival,43,S22,0,switch,0,50523,106,0,0,4,203.304,0,0,100,0
4,stage_arrival,0,S00,5,terminal,0,50520,12,0,0,4,1000,0,0,20.136,0
4,stage_arrival_coalesce,0,S00,5,terminal,0,50522,21,0,0,4,1000,0,0,79.864,0
4,stage_arrival,45,S28,2,switch,43,50523,106,0,0,4,227.415,0,0,100,0
4,stage_arrival_coalesce,0,S00,5,terminal,0,50520,12,0,0,4,1000,0,0,79.864,0
4,stage_arrival,6,S02,0,switch,1,50520,12,0,0,4,138.732,0,0,79.864,0
4,stage_arrival,0,S00,5,terminal,0,50521,61,0,0,4,1000,0,0,100,0
4,stage_arrival,53,S55,1,switch,40,50523,106,0,0,4,298.054,0,0,100,0
4,stage_arrival,31,S62,3,switch,5,50521,61,0,0,4,238.676,0,0,100,0
4,allocate_send_arrival,31,S62,3,switch,5,50521,61,0,0,4,238.676,0,100,0,0
4,allocate_send_arrival,45,S28,2,switch,43,50523,106,0,0,4,227.415,0,100,0,0
4,allocate_send_arrival,1,S01,0,switch,0,50522,21,0,0,4,159.728,0,39.592,41.0675,0
4,enqueue_residual,1,S01,0,switch,0,50522,21,0,0,4,159.728,0,0,41.0675,0
4,allocate_send_arrival,1,S01,0,switch,0,50520,12,0,0,4,159.728,0,39.592,40.5899,0
4,enqueue_residual,1,S01,0,switch,0,50520,12,0,0,4,159.728,0,0,40.5899,0
4,allocate_send_arrival,5,S63,0,switch,0,50521,61,0,0,4,259.679,0,100,0,0
4,allocate_send_arrival,6,S02,0,switch,1,50520,12,0,0,4,138.732,0,79.864,0,0
4,allocate_send_arrival,30,S14,2,switch,31,50521,61,0,0,4,290.433,0,100,0,0
4,allocate_send_arrival,43,S22,0,switch,0,50523,106,0,0,4,203.304,0,100,0,0
4,allocate_send_arrival,0,S00,5,terminal,0,50522,21,0,0,4,1000,0,79.864,0,0
4,allocate_send_arrival,0,S00,5,terminal,0,50520,12,0,0,4,1000,0,79.864,0,0
4,allocate_send_arrival,0,S00,5,terminal,0,50521,61,0,0,4,1000,0,100,0,0
4,allocate_send_arrival,53,S55,1,switch,40,50523,106,0,0,4,298.054,0,100,0,0
4,allocate_send_arrival,10,S61,0,switch,1,50522,21,0,0,4,227.172,0,79.864,0,0
4,allocate_send_arrival,40,S29,1,switch,45,50523,106,0,0,4,131.396,0,100,0,0
5,allocate_send_buffered,1,S01,0,switch,0,50522,21,0,0,5,159.728,81.6574,41.0675,0,0
5,allocate_send_buffered,1,S01,0,switch,0,50520,12,0,0,5,159.728,81.6574,40.5899,0,0
5,stage_arrival,0,S00,5,terminal,0,50522,21,0,0,5,1000,0,0,40.272,0
5,stage_arrival,1,S01,0,switch,0,50520,12,0,0,5,159.728,0,0,79.864,0
5,stage_arrival,31,S62,3,switch,5,50521,61,0,0,5,238.676,0,0,100,0
5,stage_arrival,1,S01,0,switch,0,50522,21,0,0,5,159.728,0,0,79.864,0
5,stage_arrival,30,S14,2,switch,31,50521,61,0,0,5,290.433,0,0,100,0
5,stage_arrival_coalesce,0,S00,5,terminal,0,50522,21,0,0,5,1000,0,0,79.864,0
5,stage_arrival,0,S00,5,terminal,0,50520,12,0,0,5,1000,0,0,39.592,0
5,stage_arrival,43,S22,0,switch,0,50523,106,0,0,5,203.304,0,0,100,0
5,stage_arrival,40,S29,1,switch,45,50523,106,0,0,5,131.396,0,0,100,0
5,stage_arrival,10,S61,0,switch,1,50522,21,0,0,5,227.172,0,0,79.864,0
5,stage_arrival,45,S28,2,switch,43,50523,106,0,0,5,227.415,0,0,100,0
5,stage_arrival_coalesce,0,S00,5,terminal,0,50520,12,0,0,5,1000,0,0,79.864,0
5,stage_arrival,53,S55,1,switch,40,50523,106,0,0,5,298.054,0,0,100,0
5,stage_arrival,0,S00,5,terminal,0,50521,61,0,0,5,1000,0,0,100,0
5,stage_arrival,5,S63,0,switch,0,50521,61,0,0,5,259.679,0,0,100,0
5,stage_arrival,6,S02,0,switch,1,50520,12,0,0,5,138.732,0,0,79.864,0
5,stage_arrival,0,S00,5,terminal,0,50523,106,0,0,5,1000,0,0,100,0
5,allocate_send_arrival,43,S22,0,switch,0,50523,106,0,0,5,203.304,0,100,0,0
5,allocate_send_arrival,1,S01,0,switch,0,50520,12,0,0,5,159.728,0,39.0353,40.8287,0
5,enqueue_residual,1,S01,0,switch,0,50520,12,0,0,5,159.728,0,0,40.8287,0
5,allocate_send_arrival,1,S01,0,switch,0,50522,21,0,0,5,159.728,0,39.0353,40.8287,0
5,enqueue_residual,1,S01,0,switch,0,50522,21,0,0,5,159.728,0,0,40.8287,0
5,allocate_send_arrival,31,S62,3,switch,5,50521,61,0,0,5,238.676,0,100,0,0
5,allocate_send_arrival,30,S14,2,switch,31,50521,61,0,0,5,290.433,0,100,0,0
5,allocate_send_arrival,5,S63,0,switch,0,50521,61,0,0,5,259.679,0,100,0,0
5,allocate_send_arrival,10,S61,0,switch,1,50522,21,0,0,5,227.172,0,79.864,0,0
5,allocate_send_arrival,0,S00,5,terminal,0,50522,21,0,0,5,1000,0,79.864,0,0
5,allocate_send_arrival,0,S00,5,terminal,0,50520,12,0,0,5,1000,0,79.864,0,0
5,allocate_send_arrival,0,S00,5,terminal,0,50521,61,0,0,5,1000,0,100,0,0
5,allocate_send_arrival,0,S00,5,terminal,0,50523,106,0,0,5,1000,0,100,0,0
5,allocate_send_arrival,45,S28,2,switch,43,50523,106,0,0,5,227.415,0,100,0,0
5,allocate_send_arrival,6,S02,0,switch,1,50520,12,0,0,5,138.732,0,79.864,0,0
5,allocate_send_arrival,53,S55,1,switch,40,50523,106,0,0,5,298.054,0,100,0,0
5,allocate_send_arrival,40,S29,1,switch,45,50523,106,0,0,5,131.396,0,100,0,0
6,allocate_send_buffered,1,S01,0,switch,0,50520,12,0,0,6,159.728,81.6574,40.8287,0,0
6,allocate_send_buffered,1,S01,0,switch,0,50522,21,0,0,6,159.728,81.6574,40.8287,0,0
6,stage_arrival,43,S22,0,switch,0,50523,106,0,0,6,203.304,0,0,100,0
6,stage_arrival,0,S00,5,terminal,0,50520,12,0,0,6,1000,0,0,39.0353,0
6,stage_arrival,0,S00,5,terminal,0,50522,21,0,0,6,1000,0,0,41.0675,0
6,stage_arrival,6,S02,0,switch,1,50520,12,0,0,6,138.732,0,0,79.864,0
6,stage_arrival,0,S00,5,terminal,0,50521,61,0,0,6,1000,0,0,100,0
6,stage_arrival,1,S01,0,switch,0,50520,12,0,0,6,159.728,0,0,79.864,0
6,stage_arrival,45,S28,2,switch,43,50523,106,0,0,6,227.415,0,0,100,0
6,stage_arrival,31,S62,3,switch,5,50521,61,0,0,6,238.676,0,0,100,0
6,stage_arrival,40,S29,1,switch,45,50523,106,0,0,6,131.396,0,0,100,0
6,stage_arrival,0,S00,5,terminal,0,50523,106,0,0,6,1000,0,0,100,0
6,stage_arrival,30,S14,2,switch,31,50521,61,0,0,6,290.433,0,0,100,0
6,stage_arrival,53,S55,1,switch,40,50523,106,0,0,6,298.054,0,0,100,0
6,stage_arrival_coalesce,0,S00,5,terminal,0,50522,21,0,0,6,1000,0,0,80.1028,0
6,stage_arrival,10,S61,0,switch,1,50522,21,0,0,6,227.172,0,0,79.864,0
6,stage_arrival_coalesce,0,S00,5,terminal,0,50520,12,0,0,6,1000,0,0,79.6252,0
6,stage_arrival,5,S63,0,switch,0,50521,61,0,0,6,259.679,0,0,100,0
6,stage_arrival,1,S01,0,switch,0,50522,21,0,0,6,159.728,0,0,79.864,0
6,allocate_send_arrival,45,S28,2,switch,43,50523,106,0,0,6,227.415,0,100,0,0
6,allocate_send_arrival,0,S00,5,terminal,0,50520,12,0,0,6,1000,0,79.6252,0,0
6,allocate_send_arrival,0,S00,5,terminal,0,50522,21,0,0,6,1000,0,80.1028,0,0
6,allocate_send_arrival,0,S00,5,terminal,0,50521,61,0,0,6,1000,0,100,0,0
6,allocate_send_arrival,0,S00,5,terminal,0,50523,106,0,0,6,1000,0,100,0,0
6,allocate_send_arrival,5,S63,0,switch,0,50521,61,0,0,6,259.679,0,100,0,0
6,allocate_send_arrival,53,S55,1,switch,40,50523,106,0,0,6,298.054,0,100,0,0
6,allocate_send_arrival,31,S62,3,switch,5,50521,61,0,0,6,238.676,0,100,0,0
6,allocate_send_arrival,43,S22,0,switch,0,50523,106,0,0,6,203.304,0,100,0,0
6,allocate_send_arrival,10,S61,0,switch,1,50522,21,0,0,6,227.172,0,79.864,0,0
6,allocate_send_arrival,1,S01,0,switch,0,50520,12,0,0,6,159.728,0,39.0353,40.8287,0
6,enqueue_residual,1,S01,0,switch,0,50520,12,0,0,6,159.728,0,0,40.8287,0
6,allocate_send_arrival,1,S01,0,switch,0,50522,21,0,0,6,159.728,0,39.0353,40.8287,0
6,enqueue_residual,1,S01,0,switch,0,50522,21,0,0,6,159.728,0,0,40.8287,0
6,allocate_send_arrival,40,S29,1,switch,45,50523,106,0,0,6,131.396,0,100,0,0
6,allocate_send_arrival,30,S14,2,switch,31,50521,61,0,0,6,290.433,0,100,0,0
6,allocate_send_arrival,6,S02,0,switch,1,50520,12,0,0,6,138.732,0,79.864,0,0
7,allocate_send_buffered,1,S01,0,switch,0,50520,12,0,0,7,159.728,81.6574,40.8287,0,0
7,allocate_send_buffered,1,S01,0,switch,0,50522,21,0,0,7,159.728,81.6574,40.8287,0,0
7,stage_arrival,5,S63,0,switch,0,50521,61,0,0,7,259.679,0,0,100,0
7,stage_arrival,0,S00,5,terminal,0,50521,61,0,0,7,1000,0,0,100,0
7,stage_arrival,0,S00,5,terminal,0,50520,12,0,0,7,1000,0,0,39.0353,0
7,stage_arrival_coalesce,0,S00,5,terminal,0,50520,12,0,0,7,1000,0,0,79.864,0
7,stage_arrival,30,S14,2,switch,31,50521,61,0,0,7,290.433,0,0,100,0
7,stage_arrival,6,S02,0,switch,1,50520,12,0,0,7,138.732,0,0,79.864,0
7,stage_arrival,0,S00,5,terminal,0,50522,21,0,0,7,1000,0,0,39.0353,0
7,stage_arrival,40,S29,1,switch,45,50523,106,0,0,7,131.396,0,0,100,0
7,stage_arrival,1,S01,0,switch,0,50522,21,0,0,7,159.728,0,0,79.864,0
7,stage_arrival,31,S62,3,switch,5,50521,61,0,0,7,238.676,0,0,100,0
7,stage_arrival_coalesce,0,S00,5,terminal,0,50522,21,0,0,7,1000,0,0,79.864,0
7,stage_arrival,45,S28,2,switch,43,50523,106,0,0,7,227.415,0,0,100,0
7,stage_arrival,43,S22,0,switch,0,50523,106,0,0,7,203.304,0,0,100,0
7,stage_arrival,53,S55,1,switch,40,50523,106,0,0,7,298.054,0,0,100,0
7,stage_arrival,0,S00,5,terminal,0,50523,106,0,0,7,1000,0,0,100,0
7,stage_arrival,10,S61,0,switch,1,50522,21,0,0,7,227.172,0,0,79.864,0
7,stage_arrival,1,S01,0,switch,0,50520,12,0,0,7,159.728,0,0,79.864,0
7,allocate_send_arrival,45,S28,2,switch,43,50523,106,0,0,7,227.415,0,100,0,0
7,allocate_send_arrival,0,S00,5,terminal,0,50521,61,0,0,7,1000,0,100,0,0
7,allocate_send_arrival,0,S00,5,terminal,0,50520,12,0,0,7,1000,0,79.864,0,0
7,allocate_send_arrival,0,S00,5,terminal,0,50522,21,0,0,7,1000,0,79.864,0,0
7,allocate_send_arrival,0,S00,5,terminal,0,50523,106,0,0,7,1000,0,100,0,0
7,allocate_send_arrival,30,S14,2,switch,31,50521,61,0,0,7,290.433,0,100,0,0
7,allocate_send_arrival,53,S55,1,switch,40,50523,106,0,0,7,298.054,0,100,0,0
7,allocate_send_arrival,1,S01,0,switch,0,50522,21,0,0,7,159.728,0,39.0353,40.8287,0
7,enqueue_residual,1,S01,0,switch,0,50522,21,0,0,7,159.728,0,0,40.8287,0
7,allocate_send_arrival,1,S01,0,switch,0,50520,12,0,0,7,159.728,0,39.0353,40.8287,0
7,enqueue_residual,1,S01,0,switch,0,50520,12,0,0,7,159.728,0,0,40.8287,0
7,allocate_send_arrival,43,S22,0,switch,0,50523,106,0,0,7,203.304,0,100,0,0
7,allocate_send_arrival,6,S02,0,switch,1,50520,12,0,0,7,138.732,0,79.864,0,0
7,allocate_send_arrival,5,S63,0,switch,0,50521,61,0,0,7,259.679,0,100,0,0
7,allocate_send_arrival,31,S62,3,switch,5,50521,61,0,0,7,238.676,0,100,0,0
7,allocate_send_arrival,10,S61,0,switch,1,50522,21,0,0,7,227.172,0,79.864,0,0
7,allocate_send_arrival,40,S29,1,switch,45,50523,106,0,0,7,131.396,0,100,0,0
8,allocate_send_buffered,1,S01,0,switch,0,50522,21,0,0,8,159.728,81.6574,40.8287,0,0
8,allocate_send_buffered,1,S01,0,switch,0,50520,12,0,0,8,159.728,81.6574,40.8287,0,0
8,stage_arrival,1,S01,0,switch,0,50520,12,0,0,8,159.728,0,0,79.864,0
8,stage_arrival,0,S00,5,terminal,0,50523,106,0,0,8,1000,0,0,100,0
8,stage_arrival,0,S00,5,terminal,0,50522,21,0,0,8,1000,0,0,39.0353,0
8,stage_arrival,0,S00,5,terminal,0,50521,61,0,0,8,1000,0,0,100,0
8,stage_arrival,53,S55,1,switch,40,50523,106,0,0,8,298.054,0,0,100,0
8,stage_arrival_coalesce,0,S00,5,terminal,0,50522,21,0,0,8,1000,0,0,79.864,0
8,stage_arrival,31,S62,3,switch,5,50521,61,0,0,8,238.676,0,0,100,0
8,stage_arrival,40,S29,1,switch,45,50523,106,0,0,8,131.396,0,0,100,0
8,stage_arrival,30,S14,2,switch,31,50521,61,0,0,8,290.433,0,0,100,0
8,stage_arrival,0,S00,5,terminal,0,50520,12,0,0,8,1000,0,0,40.8287,0
8,stage_arrival,1,S01,0,switch,0,50522,21,0,0,8,159.728,0,0,79.864,0
8,stage_arrival,6,S02,0,switch,1,50520,12,0,0,8,138.732,0,0,79.864,0
8,stage_arrival,43,S22,0,switch,0,50523,106,0,0,8,203.304,0,0,100,0
8,stage_arrival_coalesce,0,S00,5,terminal,0,50520,12,0,0,8,1000,0,0,79.864,0
8,stage_arrival,5,S63,0,switch,0,50521,61,0,0,8,259.679,0,0,100,0
8,stage_arrival,10,S61,0,switch,1,50522,21,0,0,8,227.172,0,0,79.864,0
8,stage_arrival,45,S28,2,switch,43,50523,106,0,0,8,227.415,0,0,100,0
8,allocate_send_arrival,6,S02,0,switch,1,50520,12,0,0,8,138.732,0,79.864,0,0
8,allocate_send_arrival,45,S28,2,switch,43,50523,106,0,0,8,227.415,0,100,0,0
8,allocate_send_arrival,0,S00,5,terminal,0,50523,106,0,0,8,1000,0,100,0,0
8,allocate_send_arrival,0,S00,5,terminal,0,50522,21,0,0,8,1000,0,79.864,0,0
8,allocate_send_arrival,0,S00,5,terminal,0,50521,61,0,0,8,1000,0,100,0,0
8,allocate_send_arrival,0,S00,5,terminal,0,50520,12,0,0,8,1000,0,79.864,0,0
8,allocate_send_arrival,31,S62,3,switch,5,50521,61,0,0,8,238.676,0,100,0,0
8,allocate_send_arrival,30,S14,2,switch,31,50521,61,0,0,8,290.433,0,100,0,0
8,allocate_send_arrival,10,S61,0,switch,1,50522,21,0,0,8,227.172,0,79.864,0,0
8,allocate_send_arrival,43,S22,0,switch,0,50523,106,0,0,8,203.304,0,100,0,0
8,allocate_send_arrival,5,S63,0,switch,0,50521,61,0,0,8,259.679,0,100,0,0
8,allocate_send_arrival,1,S01,0,switch,0,50520,12,0,0,8,159.728,0,39.0353,40.8287,0
8,enqueue_residual,1,S01,0,switch,0,50520,12,0,0,8,159.728,0,0,40.8287,0
8,allocate_send_arrival,1,S01,0,switch,0,50522,21,0,0,8,159.728,0,39.0353,40.8287,0
8,enqueue_residual,1,S01,0,switch,0,50522,21,0,0,8,159.728,0,0,40.8287,0
8,allocate_send_arrival,53,S55,1,switch,40,50523,106,0,0,8,298.054,0,100,0,0
8,allocate_send_arrival,40,S29,1,switch,45,50523,106,0,0,8,131.396,0,100,0,0
9,allocate_send_buffered,1,S01,0,switch,0,50520,12,0,0,9,159.728,81.6574,40.8287,0,0
9,allocate_send_buffered,1,S01,0,switch,0,50522,21,0,0,9,159.728,81.6574,40.8287,0,0
9,stage_arrival,6,S02,0,switch,1,50520,12,0,0,9,138.732,0,0,79.864,0
9,stage_arrival,0,S00,5,terminal,0,50521,61,0,0,9,1000,0,0,100,0
9,stage_arrival,40,S29,1,switch,45,50523,106,0,0,9,131.396,0,0,100,0
9,stage_arrival,30,S14,2,switch,31,50521,61,0,0,9,290.433,0,0,100,0
9,stage_arrival,1,S01,0,switch,0,50520,12,0,0,9,159.728,0,0,79.864,0
9,stage_arrival,31,S62,3,switch,5,50521,61,0,0,9,238.676,0,0,100,0
9,stage_arrival,43,S22,0,switch,0,50523,106,0,0,9,203.304,0,0,100,0
9,stage_arrival,10,S61,0,switch,1,50522,21,0,0,9,227.172,0,0,79.864,0
9,stage_arrival,1,S01,0,switch,0,50522,21,0,0,9,159.728,0,0,79.864,0
9,stage_arrival,5,S63,0,switch,0,50521,61,0,0,9,259.679,0,0,100,0
9,stage_arrival,0,S00,5,terminal,0,50520,12,0,0,9,1000,0,0,39.0353,0
9,stage_arrival_coalesce,0,S00,5,terminal,0,50520,12,0,0,9,1000,0,0,79.864,0
9,stage_arrival,0,S00,5,terminal,0,50522,21,0,0,9,1000,0,0,39.0353,0
9,stage_arrival,45,S28,2,switch,43,50523,106,0,0,9,227.415,0,0,100,0
9,stage_arrival_coalesce,0,S00,5,terminal,0,50522,21,0,0,9,1000,0,0,79.864,0
9,stage_arrival,0,S00,5,terminal,0,50523,106,0,0,9,1000,0,0,100,0
9,stage_arrival,53,S55,1,switch,40,50523,106,0,0,9,298.054,0,0,100,0
9,allocate_send_arrival,10,S61,0,switch,1,50522,21,0,0,9,227.172,0,79.864,0,0
9,allocate_send_arrival,1,S01,0,switch,0,50520,12,0,0,9,159.728,0,39.0353,40.8287,0
9,enqueue_residual,1,S01,0,switch,0,50520,12,0,0,9,159.728,0,0,40.8287,0
9,allocate_send_arrival,1,S01,0,switch,0,50522,21,0,0,9,159.728,0,39.0353,40.8287,0
9,enqueue_residual,1,S01,0,switch,0,50522,21,0,0,9,159.728,0,0,40.8287,0
9,allocate_send_arrival,31,S62,3,switch,5,50521,61,0,0,9,238.676,0,100,0,0
9,allocate_send_arrival,45,S28,2,switch,43,50523,106,0,0,9,227.415,0,100,0,0
9,allocate_send_arrival,53,S55,1,switch,40,50523,106,0,0,9,298.054,0,100,0,0
9,allocate_send_arrival,6,S02,0,switch,1,50520,12,0,0,9,138.732,0,79.864,0,0
9,allocate_send_arrival,30,S14,2,switch,31,50521,61,0,0,9,290.433,0,100,0,0
9,allocate_send_arrival,5,S63,0,switch,0,50521,61,0,0,9,259.679,0,100,0,0
9,allocate_send_arrival,0,S00,5,terminal,0,50521,61,0,0,9,1000,0,100,0,0
9,allocate_send_arrival,0,S00,5,terminal,0,50520,12,0,0,9,1000,0,79.864,0,0
9,allocate_send_arrival,0,S00,5,terminal,0,50522,21,0,0,9,1000,0,79.864,0,0
9,allocate_send_arrival,0,S00,5,terminal,0,50523,106,0,0,9,1000,0,100,0,0
9,allocate_send_arrival,43,S22,0,switch,0,50523,106,0,0,9,203.304,0,100,0,0
9,allocate_send_arrival,40,S29,1,switch,45,50523,106,0,0,9,131.396,0,100,0,0
10,allocate_send_buffered,1,S01,0,switch,0,50520,12,0,0,10,159.728,81.6574,40.8287,0,0
10,allocate_send_buffered,1,S01,0,switch,0,50522,21,0,0,10,159.728,81.6574,40.8287,0,0
10,stage_arrival,10,S61,0,switch,1,50522,21,0,0,10,227.172,0,0,79.864,0
10,stage_arrival,0,S00,5,terminal,0,50522,21,0,0,10,1000,0,0,39.0353,0
10,stage_arrival_coalesce,0,S00,5,terminal,0,50522,21,0,0,10,1000,0,0,79.864,0
10,stage_arrival,30,S14,2,switch,31,50521,61,0,0,10,290.433,0,0,100,0
10,stage_arrival,0,S00,5,terminal,0,50520,12,0,0,10,1000,0,0,39.0353,0
10,stage_arrival,43,S22,0,switch,0,50523,106,0,0,10,203.304,0,0,100,0
10,stage_arrival,45,S28,2,switch,43,50523,106,0,0,10,227.415,0,0,100,0
10,stage_arrival,31,S62,3,switch,5,50521,61,0,0,10,238.676,0,0,100,0
10,stage_arrival,0,S00,5,terminal,0,50523,106,0,0,10,1000,0,0,100,0
10,stage_arrival,6,S02,0,switch,1,50520,12,0,0,10,138.732,0,0,79.864,0
10,stage_arrival,1,S01,0,switch,0,50520,12,0,0,10,159.728,0,0,79.864,0
10,stage_arrival,53,S55,1,switch,40,50523,106,0,0,10,298.054,0,0,100,0
10,stage_arrival,1,S01,0,switch,0,50522,21,0,0,10,159.728,0,0,79.864,0
10,stage_arrival_coalesce,0,S00,5,terminal,0,50520,12,0,0,10,1000,0,0,79.864,0
10,stage_arrival,40,S29,1,switch,45,50523,106,0,0,10,131.396,0,0,100,0
10,stage_arrival,0,S00,5,terminal,0,50521,61,0,0,10,1000,0,0,100,0
10,stage_arrival,5,S63,0,switch,0,50521,61,0,0,10,259.679,0,0,100,0
10,allocate_send_arrival,0,S00,5,terminal,0,50522,21,0,0,10,1000,0,79.864,0,0
10,allocate_send_arrival,0,S00,5,terminal,0,50520,12,0,0,10,1000,0,79.864,0,0
10,allocate_send_arrival,0,S00,5,terminal,0,50523,106,0,0,10,1000,0,100,0,0
10,allocate_send_arrival,0,S00,5,terminal,0,50521,61,0,0,10,1000,0,100,0,0
10,allocate_send_arrival,43,S22,0,switch,0,50523,106,0,0,10,203.304,0,100,0,0
10,allocate_send_arrival,1,S01,0,switch,0,50520,12,0,0,10,159.728,0,39.0353,40.8287,0
10,enqueue_residual,1,S01,0,switch,0,50520,12,0,0,10,159.728,0,0,40.8287,0
10,allocate_send_arrival,1,S01,0,switch,0,50522,21,0,0,10,159.728,0,39.0353,40.8287,0
10,enqueue_residual,1,S01,0,switch,0,50522,21,0,0,10,159.728,0,0,40.8287,0
10,allocate_send_arrival,53,S55,1,switch,40,50523,106,0,0,10,298.054,0,100,0,0
10,allocate_send_arrival,45,S28,2,switch,43,50523,106,0,0,10,227.415,0,100,0,0
10,allocate_send_arrival,6,S02,0,switch,1,50520,12,0,0,10,138.732,0,79.864,0,0
10,allocate_send_arrival,31,S62,3,switch,5,50521,61,0,0,10,238.676,0,100,0,0
10,allocate_send_arrival,5,S63,0,switch,0,50521,61,0,0,10,259.679,0,100,0,0
10,allocate_send_arrival,10,S61,0,switch,1,50522,21,0,0,10,227.172,0,79.864,0,0
10,allocate_send_arrival,40,S29,1,switch,45,50523,106,0,0,10,131.396,0,100,0,0
10,allocate_send_arrival,30,S14,2,switch,31,50521,61,0,0,10,290.433,0,100,0,0
11,allocate_send_buffered,1,S01,0,switch,0,50520,12,0,0,11,159.728,81.6574,40.8287,0,0
11,allocate_send_buffered,1,S01,0,switch,0,50522,21,0,0,11,159.728,81.6574,40.8287,0,0
11,stage_arrival,31,S62,3,switch,5,50521,61,0,0,11,238.676,0,0,100,0
11,stage_arrival,10,S61,0,switch,1,50522,21,0,0,11,227.172,0,0,79.864,0
11,stage_arrival,1,S01,0,switch,0,50520,12,0,0,11,159.728,0,0,79.864,0
11,stage_arrival,30,S14,2,switch,31,50521,61,0,0,11,290.433,0,0,100,0
11,stage_arrival,0,S00,5,terminal,0,50521,61,0,0,11,1000,0,0,100,0
11,stage_arrival,0,S00,5,terminal,0,50520,12,0,0,11,1000,0,0,40.8287,0
11,stage_arrival,45,S28,2,switch,43,50523,106,0,0,11,227.415,0,0,100,0
11,stage_arrival,0,S00,5,terminal,0,50523,106,0,0,11,1000,0,0,100,0
11,stage_arrival,53,S55,1,switch,40,50523,106,0,0,11,298.054,0,0,100,0
11,stage_arrival,40,S29,1,switch,45,50523,106,0,0,11,131.396,0,0,100,0
11,stage_arrival,1,S01,0,switch,0,50522,21,0,0,11,159.728,0,0,79.864,0
11,stage_arrival,6,S02,0,switch,1,50520,12,0,0,11,138.732,0,0,79.864,0
11,stage_arrival,5,S63,0,switch,0,50521,61,0,0,11,259.679,0,0,100,0
11,stage_arrival,43,S22,0,switch,0,50523,106,0,0,11,203.304,0,0,100,0
11,stage_arrival_coalesce,0,S00,5,terminal,0,50520,12,0,0,11,1000,0,0,79.864,0
11,stage_arrival,0,S00,5,terminal,0,50522,21,0,0,11,1000,0,0,40.8287,0
11,stage_arrival_coalesce,0,S00,5,terminal,0,50522,21,0,0,11,1000,0,0,79.864,0
11,allocate_send_arrival,40,S29,1,switch,45,50523,106,0,0,11,131.396,0,100,0,0
11,allocate_send_arrival,43,S22,0,switch,0,50523,106,0,0,11,203.304,0,100,0,0
11,allocate_send_arrival,53,S55,1,switch,40,50523,106,0,0,11,298.054,0,100,0,0
11,allocate_send_arrival,1,S01,0,switch,0,50520,12,0,0,11,159.728,0,39.0353,40.8287,0
11,enqueue_residual,1,S01,0,switch,0,50520,12,0,0,11,159.728,0,0,40.8287,0
11,allocate_send_arrival,1,S01,0,switch,0,50522,21,0,0,11,159.728,0,39.0353,40.8287,0
11,enqueue_residual,1,S01,0,switch,0,50522,21,0,0,11,159.728,0,0,40.8287,0
11,allocate_send_arrival,0,S00,5,terminal,0,50521,61,0,0,11,1000,0,100,0,0
11,allocate_send_arrival,0,S00,5,terminal,0,50520,12,0,0,11,1000,0,79.864,0,0
11,allocate_send_arrival,0,S00,5,terminal,0,50523,106,0,0,11,1000,0,100,0,0
11,allocate_send_arrival,0,S00,5,terminal,0,50522,21,0,0,11,1000,0,79.864,0,0
11,allocate_send_arrival,6,S02,0,switch,1,50520,12,0,0,11,138.732,0,79.864,0,0
11,allocate_send_arrival,10,S61,0,switch,1,50522,21,0,0,11,227.172,0,79.864,0,0
11,allocate_send_arrival,31,S62,3,switch,5,50521,61,0,0,11,238.676,0,100,0,0
11,allocate_send_arrival,30,S14,2,switch,31,50521,61,0,0,11,290.433,0,100,0,0
11,allocate_send_arrival,5,S63,0,switch,0,50521,61,0,0,11,259.679,0,100,0,0
11,allocate_send_arrival,45,S28,2,switch,43,50523,106,0,0,11,227.415,0,100,0,0
12,allocate_send_buffered,1,S01,0,switch,0,50520,12,0,0,12,159.728,81.6574,40.8287,0,0
12,allocate_send_buffered,1,S01,0,switch,0,50522,21,0,0,12,159.728,81.6574,40.8287,0,0
12,stage_arrival,31,S62,3,switch,5,50521,61,0,0,12,238.676,0,0,100,0
12,stage_arrival,40,S29,1,switch,45,50523,106,0,0,12,131.396,0,0,100,0
12,stage_arrival,30,S14,2,switch,31,50521,61,0,0,12,290.433,0,0,100,0
12,stage_arrival,0,S00,5,terminal,0,50520,12,0,0,12,1000,0,0,39.0353,0
12,stage_arrival,10,S61,0,switch,1,50522,21,0,0,12,227.172,0,0,79.864,0
12,stage_arrival,53,S55,1,switch,40,50523,106,0,0,12,298.054,0,0,100,0
12,stage_arrival,5,S63,0,switch,0,50521,61,0,0,12,259.679,0,0,100,0
12,stage_arrival,0,S00,5,terminal,0,50523,106,0,0,12,1000,0,0,100,0
12,stage_arrival,0,S00,5,terminal,0,50521,61,0,0,12,1000,0,0,100,0
12,stage_arrival,1,S01,0,switch,0,50522,21,0,0,12,159.728,0,0,79.864,0
12,stage_arrival_coalesce,0,S00,5,terminal,0,50520,12,0,0,12,1000,0,0,79.864,0
12,stage_arrival,0,S00,5,terminal,0,50522,21,0,0,12,1000,0,0,39.0353,0
12,stage_arrival_coalesce,0,S00,5,terminal,0,50522,21,0,0,12,1000,0,0,79.864,0
12,stage_arrival,43,S22,0,switch,0,50523,106,0,0,12,203.304,0,0,100,0
12,stage_arrival,45,S28,2,switch,43,50523,106,0,0,12,227.415,0,0,100,0
12,stage_arrival,1,S01,0,switch,0,50520,12,0,0,12,159.728,0,0,79.864,0
12,stage_arrival,6,S02,0,switch,1,50520,12,0,0,12,138.732,0,0,79.864,0
12,allocate_send_arrival,45,S28,2,switch,43,50523,106,0,0,12,227.415,0,100,0,0
12,allocate_send_arrival,31,S62,3,switch,5,50521,61,0,0,12,238.676,0,100,0,0
12,allocate_send_arrival,0,S00,5,terminal,0,50520,12,0,0,12,1000,0,79.864,0,0
12,allocate_send_arrival,0,S00,5,terminal,0,50523,106,0,0,12,1000,0,100,0,0
12,allocate_send_arrival,0,S00,5,terminal,0,50521,61,0,0,12,1000,0,100,0,0
12,allocate_send_arrival,0,S00,5,terminal,0,50522,21,0,0,12,1000,0,79.864,0,0
12,allocate_send_arrival,40,S29,1,switch,45,50523,106,0,0,12,131.396,0,100,0,0
12,allocate_send_arrival,10,S61,0,switch,1,50522,21,0,0,12,227.172,0,79.864,0,0
12,allocate_send_arrival,43,S22,0,switch,0,50523,106,0,0,12,203.304,0,100,0,0
12,allocate_send_arrival,1,S01,0,switch,0,50522,21,0,0,12,159.728,0,39.0353,40.8287,0
12,enqueue_residual,1,S01,0,switch,0,50522,21,0,0,12,159.728,0,0,40.8287,0
12,allocate_send_arrival,1,S01,0,switch,0,50520,12,0,0,12,159.728,0,39.0353,40.8287,0
12,enqueue_residual,1,S01,0,switch,0,50520,12,0,0,12,159.728,0,0,40.8287,0
12,allocate_send_arrival,5,S63,0,switch,0,50521,61,0,0,12,259.679,0,100,0,0
12,allocate_send_arrival,6,S02,0,switch,1,50520,12,0,0,12,138.732,0,79.864,0,0
12,allocate_send_arrival,53,S55,1,switch,40,50523,106,0,0,12,298.054,0,100,0,0
12,allocate_send_arrival,30,S14,2,switch,31,50521,61,0,0,12,290.433,0,100,0,0
13,allocate_send_buffered,1,S01,0,switch,0,50522,21,0,0,13,159.728,81.6574,40.8287,0,0
13,allocate_send_buffered,1,S01,0,switch,0,50520,12,0,0,13,159.728,81.6574,40.8287,0,0
13,stage_arrival,0,S00,5,terminal,0,50523,106,0,0,13,1000,0,0,100,0
13,stage_arrival,30,S14,2,switch,31,50521,61,0,0,13,290.433,0,0,100,0
13,stage_arrival,6,S02,0,switch,1,50520,12,0,0,13,138.732,0,0,79.864,0
13,stage_arrival,40,S29,1,switch,45,50523,106,0,0,13,131.396,0,0,100,0
13,stage_arrival,0,S00,5,terminal,0,50521,61,0,0,13,1000,0,0,100,0
13,stage_arrival,43,S22,0,switch,0,50523,106,0,0,13,203.304,0,0,100,0
13,stage_arrival,0,S00,5,terminal,0,50522,21,0,0,13,1000,0,0,39.0353,0
13,stage_arrival,1,S01,0,switch,0,50520,12,0,0,13,159.728,0,0,79.864,0
13,stage_arrival,10,S61,0,switch,1,50522,21,0,0,13,227.172,0,0,79.864,0
13,stage_arrival,45,S28,2,switch,43,50523,106,0,0,13,227.415,0,0,100,0
13,stage_arrival,0,S00,5,terminal,0,50520,12,0,0,13,1000,0,0,39.0353,0
13,stage_arrival,5,S63,0,switch,0,50521,61,0,0,13,259.679,0,0,100,0
13,stage_arrival_coalesce,0,S00,5,terminal,0,50520,12,0,0,13,1000,0,0,79.864,0
13,stage_arrival_coalesce,0,S00,5,terminal,0,50522,21,0,0,13,1000,0,0,79.864,0
13,stage_arrival,1,S01,0,switch,0,50522,21,0,0,13,159.728,0,0,79.864,0
13,stage_arrival,53,S55,1,switch,40,50523,106,0,0,13,298.054,0,0,100,0
13,stage_arrival,31,S62,3,switch,5,50521,61,0,0,13,238.676,0,0,100,0
13,allocate_send_arrival,53,S55,1,switch,40,50523,106,0,0,13,298.054,0,100,0,0
13,allocate_send_arrival,1,S01,0,switch,0,50520,12,0,0,13,159.728,0,39.0353,40.8287,0
13,enqueue_residual,1,S01,0,switch,0,50520,12,0,0,13,159.728,0,0,40.8287,0
13,allocate_send_arrival,1,S01,0,switch,0,50522,21,0,0,13,159.728,0,39.0353,40.8287,0
13,enqueue_residual,1,S01,0,switch,0,50522,21,0,0,13,159.728,0,0,40.8287,0
13,allocate_send_arrival,5,S63,0,switch,0,50521,61,0,0,13,259.679,0,100,0,0
13,allocate_send_arrival,10,S61,0,switch,1,50522,21,0,0,13,227.172,0,79.864,0,0
13,allocate_send_arrival,30,S14,2,switch,31,50521,61,0,0,13,290.433,0,100,0,0
13,allocate_send_arrival,40,S29,1,switch,45,50523,106,0,0,13,131.396,0,100,0,0
13,allocate_send_arrival,43,S22,0,switch,0,50523,106,0,0,13,203.304,0,100,0,0
13,allocate_send_arrival,0,S00,5,terminal,0,50523,106,0,0,13,1000,0,100,0,0
13,allocate_send_arrival,0,S00,5,terminal,0,50521,61,0,0,13,1000,0,100,0,0
13,allocate_send_arrival,0,S00,5,terminal,0,50522,21,0,0,13,1000,0,79.864,0,0
13,allocate_send_arrival,0,S00,5,terminal,0,50520,12,0,0,13,1000,0,79.864,0,0
13,allocate_send_arrival,31,S62,3,switch,5,50521,61,0,0,13,238.676,0,100,0,0
13,allocate_send_arrival,6,S02,0,switch,1,50520,12,0,0,13,138.732,0,79.864,0,0
13,allocate_send_arrival,45,S28,2,switch,43,50523,106,0,0,13,227.415,0,100,0,0
14,allocate_send_buffered,1,S01,0,switch,0,50520,12,0,0,14,159.728,81.6574,40.8287,0,0
14,allocate_send_buffered,1,S01,0,switch,0,50522,21,0,0,14,159.728,81.6574,40.8287,0,0
14,stage_arrival,30,S14,2,switch,31,50521,61,0,0,14,290.433,0,0,100,0
14,stage_arrival,31,S62,3,switch,5,50521,61,0,0,14,238.676,0,0,100,0
14,stage_arrival,5,S63,0,switch,0,50521,61,0,0,14,259.679,0,0,100,0
14,stage_arrival,6,S02,0,switch,1,50520,12,0,0,14,138.732,0,0,79.864,0
14,stage_arrival,0,S00,5,terminal,0,50522,21,0,0,14,1000,0,0,39.0353,0
14,stage_arrival,0,S00,5,terminal,0,50521,61,0,0,14,1000,0,0,100,0
14,stage_arrival,40,S29,1,switch,45,50523,106,0,0,14,131.396,0,0,100,0
14,stage_arrival,1,S01,0,switch,0,50520,12,0,0,14,159.728,0,0,79.864,0
14,stage_arrival,1,S01,0,switch,0,50522,21,0,0,14,159.728,0,0,79.864,0
14,stage_arrival,10,S61,0,switch,1,50522,21,0,0,14,227.172,0,0,79.864,0
14,stage_arrival,43,S22,0,switch,0,50523,106,0,0,14,203.304,0,0,100,0
14,stage_arrival_coalesce,0,S00,5,terminal,0,50522,21,0,0,14,1000,0,0,79.864,0
14,stage_arrival,0,S00,5,terminal,0,50523,106,0,0,14,1000,0,0,100,0
14,stage_arrival,45,S28,2,switch,43,50523,106,0,0,14,227.415,0,0,100,0
14,stage_arrival,0,S00,5,terminal,0,50520,12,0,0,14,1000,0,0,40.8287,0
14,stage_arrival_coalesce,0,S00,5,terminal,0,50520,12,0,0,14,1000,0,0,79.864,0
14,stage_arrival,53,S55,1,switch,40,50523,106,0,0,14,298.054,0,0,100,0
14,allocate_send_arrival,1,S01,0,switch,0,50520,12,0,0,14,159.728,0,39.0353,40.8287,0
14,enqueue_residual,1,S01,0,switch,0,50520,12,0,0,14,159.728,0,0,40.8287,0
14,allocate_send_arrival,1,S01,0,switch,0,50522,21,0,0,14,159.728,0,39.0353,40.8287,0
14,enqueue_residual,1,S01,0,switch,0,50522,21,0,0,14,159.728,0,0,40.8287,0
14,allocate_send_arrival,10,S61,0,switch,1,50522,21,0,0,14,227.172,0,79.864,0,0
14,allocate_send_arrival,0,S00,5,terminal,0,50522,21,0,0,14,1000,0,79.864,0,0
14,allocate_send_arrival,0,S00,5,terminal,0,50521,61,0,0,14,1000,0,100,0,0
14,allocate_send_arrival,0,S00,5,terminal,0,50523,106,0,0,14,1000,0,100,0,0
14,allocate_send_arrival,0,S00,5,terminal,0,50520,12,0,0,14,1000,0,79.864,0,0
14,allocate_send_arrival,40,S29,1,switch,45,50523,106,0,0,14,131.396,0,100,0,0
14,allocate_send_arrival,43,S22,0,switch,0,50523,106,0,0,14,203.304,0,100,0,0
14,allocate_send_arrival,45,S28,2,switch,43,50523,106,0,0,14,227.415,0,100,0,0
14,allocate_send_arrival,30,S14,2,switch,31,50521,61,0,0,14,290.433,0,100,0,0
14,allocate_send_arrival,53,S55,1,switch,40,50523,106,0,0,14,298.054,0,100,0,0
14,allocate_send_arrival,31,S62,3,switch,5,50521,61,0,0,14,238.676,0,100,0,0
14,allocate_send_arrival,5,S63,0,switch,0,50521,61,0,0,14,259.679,0,100,0,0
14,allocate_send_arrival,6,S02,0,switch,1,50520,12,0,0,14,138.732,0,79.864,0,0
15,allocate_send_buffered,1,S01,0,switch,0,50520,12,0,0,15,159.728,81.6574,40.8287,0,0
15,allocate_send_buffered,1,S01,0,switch,0,50522,21,0,0,15,159.728,81.6574,40.8287,0,0
15,stage_arrival,10,S61,0,switch,1,50522,21,0,0,15,227.172,0,0,79.864,0
15,stage_arrival,1,S01,0,switch,0,50522,21,0,0,15,159.728,0,0,79.864,0
15,stage_arrival,30,S14,2,switch,31,50521,61,0,0,15,290.433,0,0,100,0
15,stage_arrival,0,S00,5,terminal,0,50523,106,0,0,15,1000,0,0,100,0
15,stage_arrival,5,S63,0,switch,0,50521,61,0,0,15,259.679,0,0,100,0
15,stage_arrival,31,S62,3,switch,5,50521,61,0,0,15,238.676,0,0,100,0
15,stage_arrival,1,S01,0,switch,0,50520,12,0,0,15,159.728,0,0,79.864,0
15,stage_arrival,0,S00,5,terminal,0,50522,21,0,0,15,1000,0,0,39.0353,0
15,stage_arrival,45,S28,2,switch,43,50523,106,0,0,15,227.415,0,0,100,0
15,stage_arrival,43,S22,0,switch,0,50523,106,0,0,15,203.304,0,0,100,0
15,stage_arrival,0,S00,5,terminal,0,50520,12,0,0,15,1000,0,0,40.8287,0
15,stage_arrival,53,S55,1,switch,40,50523,106,0,0,15,298.054,0,0,100,0
15,stage_arrival,40,S29,1,switch,45,50523,106,0,0,15,131.396,0,0,100,0
15,stage_arrival_coalesce,0,S00,5,terminal,0,50522,21,0,0,15,1000,0,0,79.864,0
15,stage_arrival,0,S00,5,terminal,0,50521,61,0,0,15,1000,0,0,100,0
15,stage_arrival_coalesce,0,S00,5,terminal,0,50520,12,0,0,15,1000,0,0,79.864,0
15,stage_arrival,6,S02,0,switch,1,50520,12,0,0,15,138.732,0,0,79.864,0
15,allocate_send_arrival,53,S55,1,switch,40,50523,106,0,0,15,298.054,0,100,0,0
15,allocate_send_arrival,43,S22,0,switch,0,50523,106,0,0,15,203.304,0,100,0,0
15,allocate_send_arrival,40,S29,1,switch,45,50523,106,0,0,15,131.396,0,100,0,0
15,allocate_send_arrival,10,S61,0,switch,1,50522,21,0,0,15,227.172,0,79.864,0,0
15,allocate_send_arrival,5,S63,0,switch,0,50521,61,0,0,15,259.679,0,100,0,0
15,allocate_send_arrival,30,S14,2,switch,31,50521,61,0,0,15,290.433,0,100,0,0
15,allocate_send_arrival,6,S02,0,switch,1,50520,12,0,0,15,138.732,0,79.864,0,0
15,allocate_send_arrival,31,S62,3,switch,5,50521,61,0,0,15,238.676,0,100,0,0
15,allocate_send_arrival,0,S00,5,terminal,0,50523,106,0,0,15,1000,0,100,0,0
15,allocate_send_arrival,0,S00,5,terminal,0,50522,21,0,0,15,1000,0,79.864,0,0
15,allocate_send_arrival,0,S00,5,terminal,0,50520,12,0,0,15,1000,0,79.864,0,0
15,allocate_send_arrival,0,S00,5,terminal,0,50521,61,0,0,15,1000,0,100,0,0
15,allocate_send_arrival,45,S28,2,switch,43,50523,106,0,0,15,227.415,0,100,0,0
15,allocate_send_arrival,1,S01,0,switch,0,50522,21,0,0,15,159.728,0,39.0353,40.8287,0
15,enqueue_residual,1,S01,0,switch,0,50522,21,0,0,15,159.728,0,0,40.8287,0
15,allocate_send_arrival,1,S01,0,switch,0,50520,12,0,0,15,159.728,0,39.0353,40.8287,0
15,enqueue_residual,1,S01,0,switch,0,50520,12,0,0,15,159.728,0,0,40.8287,0
16,allocate_send_buffered,1,S01,0,switch,0,50522,21,0,0,16,159.728,81.6574,40.8287,0,0
16,allocate_send_buffered,1,S01,0,switch,0,50520,12,0,0,16,159.728,81.6574,40.8287,0,0
16,stage_arrival,40,S29,1,switch,45,50523,106,0,0,16,131.396,0,0,100,0
16,stage_arrival,0,S00,5,terminal,0,50522,21,0,0,16,1000,0,0,40.8287,0
16,stage_arrival_coalesce,0,S00,5,terminal,0,50522,21,0,0,16,1000,0,0,79.864,0
16,stage_arrival,1,S01,0,switch,0,50520,12,0,0,16,159.728,0,0,79.864,0
16,stage_arrival,0,S00,5,terminal,0,50521,61,0,0,16,1000,0,0,100,0
16,stage_arrival,1,S01,0,switch,0,50522,21,0,0,16,159.728,0,0,79.864,0
16,stage_arrival,45,S28,2,switch,43,50523,106,0,0,16,227.415,0,0,100,0
16,stage_arrival,0,S00,5,terminal,0,50520,12,0,0,16,1000,0,0,39.0353,0
16,stage_arrival,5,S63,0,switch,0,50521,61,0,0,16,259.679,0,0,100,0
16,stage_arrival,30,S14,2,switch,31,50521,61,0,0,16,290.433,0,0,100,0
16,stage_arrival,6,S02,0,switch,1,50520,12,0,0,16,138.732,0,0,79.864,0
16,stage_arrival,43,S22,0,switch,0,50523,106,0,0,16,203.304,0,0,100,0
16,stage_arrival,53,S55,1,switch,40,50523,106,0,0,16,298.054,0,0,100,0
16,stage_arrival,10,S61,0,switch,1,50522,21,0,0,16,227.172,0,0,79.864,0
16,stage_arrival,0,S00,5,terminal,0,50523,106,0,0,16,1000,0,0,100,0
16,stage_arrival_coalesce,0,S00,5,terminal,0,50520,12,0,0,16,1000,0,0,79.864,0
16,stage_arrival,31,S62,3,switch,5,50521,61,0,0,16,238.676,0,0,100,0
16,allocate_send_arrival,31,S62,3,switch,5,50521,61,0,0,16,238.676,0,100,0,0
16,allocate_send_arrival,53,S55,1,switch,40,50523,106,0,0,16,298.054,0,100,0,0
16,allocate_send_arrival,0,S00,5,terminal,0,50522,21,0,0,16,1000,0,79.864,0,0
16,allocate_send_arrival,0,S00,5,terminal,0,50521,61,0,0,16,1000,0,100,0,0
16,allocate_send_arrival,0,S00,5,terminal,0,50520,12,0,0,16,1000,0,79.864,0,0
16,allocate_send_arrival,0,S00,5,terminal,0,50523,106,0,0,16,1000,0,100,0,0
16,allocate_send_arrival,30,S14,2,switch,31,50521,61,0,0,16,290.433,0,100,0,0
16,allocate_send_arrival,5,S63,0,switch,0,50521,61,0,0,16,259.679,0,100,0,0
16,allocate_send_arrival,43,S22,0,switch,0,50523,106,0,0,16,203.304,0,100,0,0
16,allocate_send_arrival,40,S29,1,switch,45,50523,106,0,0,16,131.396,0,100,0,0
16,allocate_send_arrival,6,S02,0,switch,1,50520,12,0,0,16,138.732,0,79.864,0,0
16,allocate_send_arrival,45,S28,2,switch,43,50523,106,0,0,16,227.415,0,100,0,0
16,allocate_send_arrival,1,S01,0,switch,0,50520,12,0,0,16,159.728,0,39.0353,40.8287,0
16,enqueue_residual,1,S01,0,switch,0,50520,12,0,0,16,159.728,0,0,40.8287,0
16,allocate_send_arrival,1,S01,0,switch,0,50522,21,0,0,16,159.728,0,39.0353,40.8287,0
16,enqueue_residual,1,S01,0,switch,0,50522,21,0,0,16,159.728,0,0,40.8287,0
16,allocate_send_arrival,10,S61,0,switch,1,50522,21,0,0,16,227.172,0,79.864,0,0
17,allocate_send_buffered,1,S01,0,switch,0,50520,12,0,0,17,159.728,81.6574,40.8287,0,0
17,allocate_send_buffered,1,S01,0,switch,0,50522,21,0,0,17,159.728,81.6574,40.8287,0,0
17,stage_arrival,0,S00,5,terminal,0,50522,21,0,0,17,1000,0,0,39.0353,0
17,stage_arrival,0,S00,5,terminal,0,50520,12,0,0,17,1000,0,0,40.8287,0
17,stage_arrival,31,S62,3,switch,5,50521,61,0,0,17,238.676,0,0,100,0
17,stage_arrival_coalesce,0,S00,5,terminal,0,50522,21,0,0,17,1000,0,0,79.864,0
17,stage_arrival,10,S61,0,switch,1,50522,21,0,0,17,227.172,0,0,79.864,0
17,stage_arrival,6,S02,0,switch,1,50520,12,0,0,17,138.732,0,0,79.864,0
17,stage_arrival,40,S29,1,switch,45,50523,106,0,0,17,131.396,0,0,100,0
17,stage_arrival,43,S22,0,switch,0,50523,106,0,0,17,203.304,0,0,100,0
17,stage_arrival,53,S55,1,switch,40,50523,106,0,0,17,298.054,0,0,100,0
17,stage_arrival_coalesce,0,S00,5,terminal,0,50520,12,0,0,17,1000,0,0,79.864,0
17,stage_arrival,5,S63,0,switch,0,50521,61,0,0,17,259.679,0,0,100,0
17,stage_arrival,0,S00,5,terminal,0,50521,61,0,0,17,1000,0,0,100,0
17,stage_arrival,0,S00,5,terminal,0,50523,106,0,0,17,1000,0,0,100,0
17,stage_arrival,1,S01,0,switch,0,50520,12,0,0,17,159.728,0,0,79.864,0
17,stage_arrival,45,S28,2,switch,43,50523,106,0,0,17,227.415,0,0,100,0
17,stage_arrival,30,S14,2,switch,31,50521,61,0,0,17,290.433,0,0,100,0
17,stage_arrival,1,S01,0,switch,0,50522,21,0,0,17,159.728,0,0,79.864,0
17,allocate_send_arrival,10,S61,0,switch,1,50522,21,0,0,17,227.172,0,79.864,0,0
17,allocate_send_arrival,31,S62,3,switch,5,50521,61,0,0,17,238.676,0,100,0,0
17,allocate_send_arrival,0,S00,5,terminal,0,50522,21,0,0,17,1000,0,79.864,0,0
17,allocate_send_arrival,0,S00,5,terminal,0,50520,12,0,0,17,1000,0,79.864,0,0
17,allocate_send_arrival,0,S00,5,terminal,0,50521,61,0,0,17,1000,0,100,0,0
17,allocate_send_arrival,0,S00,5,terminal,0,50523,106,0,0,17,1000,0,100,0,0
17,allocate_send_arrival,43,S22,0,switch,0,50523,106,0,0,17,203.304,0,100,0,0
17,allocate_send_arrival,30,S14,2,switch,31,50521,61,0,0,17,290.433,0,100,0,0
17,allocate_send_arrival,1,S01,0,switch,0,50520,12,0,0,17,159.728,0,39.0353,40.8287,0
17,enqueue_residual,1,S01,0,switch,0,50520,12,0,0,17,159.728,0,0,40.8287,0
17,allocate_send_arrival,1,S01,0,switch,0,50522,21,0,0,17,159.728,0,39.0353,40.8287,0
17,enqueue_residual,1,S01,0,switch,0,50522,21,0,0,17,159.728,0,0,40.8287,0
17,allocate_send_arrival,45,S28,2,switch,43,50523,106,0,0,17,227.415,0,100,0,0
17,allocate_send_arrival,5,S63,0,switch,0,50521,61,0,0,17,259.679,0,100,0,0
17,allocate_send_arrival,53,S55,1,switch,40,50523,106,0,0,17,298.054,0,100,0,0
17,allocate_send_arrival,40,S29,1,switch,45,50523,106,0,0,17,131.396,0,100,0,0
17,allocate_send_arrival,6,S02,0,switch,1,50520,12,0,0,17,138.732,0,79.864,0,0
18,allocate_send_buffered,1,S01,0,switch,0,50520,12,0,0,18,159.728,81.6574,40.8287,0,0
18,allocate_send_buffered,1,S01,0,switch,0,50522,21,0,0,18,159.728,81.6574,40.8287,0,0
18,stage_arrival,0,S00,5,terminal,0,50520,12,0,0,18,1000,0,0,39.0353,0
18,stage_arrival,40,S29,1,switch,45,50523,106,0,0,18,131.396,0,0,100,0
18,stage_arrival,0,S00,5,terminal,0,50521,61,0,0,18,1000,0,0,100,0
18,stage_arrival,53,S55,1,switch,40,50523,106,0,0,18,298.054,0,0,100,0
18,stage_arrival,0,S00,5,terminal,0,50523,106,0,0,18,1000,0,0,100,0
18,stage_arrival,6,S02,0,switch,1,50520,12,0,0,18,138.732,0,0,79.864,0
18,stage_arrival,5,S63,0,switch,0,50521,61,0,0,18,259.679,0,0,100,0
18,stage_arrival_coalesce,0,S00,5,terminal,0,50520,12,0,0,18,1000,0,0,79.864,0
18,stage_arrival,1,S01,0,switch,0,50520,12,0,0,18,159.728,0,0,79.864,0
18,stage_arrival,0,S00,5,terminal,0,50522,21,0,0,18,1000,0,0,39.0353,0
18,stage_arrival,43,S22,0,switch,0,50523,106,0,0,18,203.304,0,0,100,0
18,stage_arrival,10,S61,0,switch,1,50522,21,0,0,18,227.172,0,0,79.864,0
18,stage_arrival,30,S14,2,switch,31,50521,61,0,0,18,290.433,0,0,100,0
18,stage_arrival,45,S28,2,switch,43,50523,106,0,0,18,227.415,0,0,100,0
18,stage_arrival_coalesce,0,S00,5,terminal,0,50522,21,0,0,18,1000,0,0,79.864,0
18,stage_arrival,31,S62,3,switch,5,50521,61,0,0,18,238.676,0,0,100,0
18,stage_arrival,1,S01,0,switch,0,50522,21,0,0,18,159.728,0,0,79.864,0
18,allocate_send_arrival,10,S61,0,switch,1,50522,21,0,0,18,227.172,0,79.864,0,0
18,allocate_send_arrival,30,S14,2,switch,31,50521,61,0,0,18,290.433,0,100,0,0
18,allocate_send_arrival,1,S01,0,switch,0,50520,12,0,0,18,159.728,0,39.0353,40.8287,0
18,enqueue_residual,1,S01,0,switch,0,50520,12,0,0,18,159.728,0,0,40.8287,0
18,allocate_send_arrival,1,S01,0,switch,0,50522,21,0,0,18,159.728,0,39.0353,40.8287,0
18,enqueue_residual,1,S01,0,switch,0,50522,21,0,0,18,159.728,0,0,40.8287,0
18,allocate_send_arrival,5,S63,0,switch,0,50521,61,0,0,18,259.679,0,100,0,0
18,allocate_send_arrival,31,S62,3,switch,5,50521,61,0,0,18,238.676,0,100,0,0
18,allocate_send_arrival,40,S29,1,switch,45,50523,106,0,0,18,131.396,0,100,0,0
18,allocate_send_arrival,6,S02,0,switch,1,50520,12,0,0,18,138.732,0,79.864,0,0
18,allocate_send_arrival,43,S22,0,switch,0,50523,106,0,0,18,203.304,0,100,0,0
18,allocate_send_arrival,45,S28,2,switch,43,50523,106,0,0,18,227.415,0,100,0,0
18,allocate_send_arrival,0,S00,5,terminal,0,50520,12,0,0,18,1000,0,79.864,0,0
18,allocate_send_arrival,0,S00,5,terminal,0,50521,61,0,0,18,1000,0,100,0,0
18,allocate_send_arrival,0,S00,5,terminal,0,50523,106,0,0,18,1000,0,100,0,0
18,allocate_send_arrival,0,S00,5,terminal,0,50522,21,0,0,18,1000,0,79.864,0,0
18,allocate_send_arrival,53,S55,1,switch,40,50523,106,0,0,18,298.054,0,100,0,0
19,allocate_send_buffered,1,S01,0,switch,0,50520,12,0,0,19,159.728,81.6574,40.8287,0,0
19,allocate_send_buffered,1,S01,0,switch,0,50522,21,0,0,19,159.728,81.6574,40.8287,0,0
19,stage_arrival,31,S62,3,switch,5,50521,61,0,0,19,238.676,0,0,100,0
19,stage_arrival,5,S63,0,switch,0,50521,61,0,0,19,259.679,0,0,100,0
19,stage_arrival,1,S01,0,switch,0,50520,12,0,0,19,159.728,0,0,79.864,0
19,stage_arrival,45,S28,2,switch,43,50523,106,0,0,19,227.415,0,0,100,0
19,stage_arrival,0,S00,5,terminal,0,50523,106,0,0,19,1000,0,0,100,0
19,stage_arrival,0,S00,5,terminal,0,50522,21,0,0,19,1000,0,0,39.0353,0
19,stage_arrival,0,S00,5,terminal,0,50520,12,0,0,19,1000,0,0,39.0353,0
19,stage_arrival_coalesce,0,S00,5,terminal,0,50522,21,0,0,19,1000,0,0,79.864,0
19,stage_arrival_coalesce,0,S00,5,terminal,0,50520,12,0,0,19,1000,0,0,79.864,0
19,stage_arrival,1,S01,0,switch,0,50522,21,0,0,19,159.728,0,0,79.864,0
19,stage_arrival,6,S02,0,switch,1,50520,12,0,0,19,138.732,0,0,79.864,0
19,stage_arrival,10,S61,0,switch,1,50522,21,0,0,19,227.172,0,0,79.864,0
19,stage_arrival,30,S14,2,switch,31,50521,61,0,0,19,290.433,0,0,100,0
19,stage_arrival,43,S22,0,switch,0,50523,106,0,0,19,203.304,0,0,100,0
19,stage_arrival,0,S00,5,terminal,0,50521,61,0,0,19,1000,0,0,100,0
19,stage_arrival,40,S29,1,switch,45,50523,106,0,0,19,131.396,0,0,100,0
19,stage_arrival,53,S55,1,switch,40,50523,106,0,0,19,298.054,0,0,100,0
19,allocate_send_arrival,10,S61,0,switch,1,50522,21,0,0,19,227.172,0,79.864,0,0
19,allocate_send_arrival,5,S63,0,switch,0,50521,61,0,0,19,259.679,0,100,0,0
19,allocate_send_arrival,1,S01,0,switch,0,50520,12,0,0,19,159.728,0,39.0353,40.8287,0
19,enqueue_residual,1,S01,0,switch,0,50520,12,0,0,19,159.728,0,0,40.8287,0
19,allocate_send_arrival,1,S01,0,switch,0,50522,21,0,0,19,159.728,0,39.0353,40.8287,0
19,enqueue_residual,1,S01,0,switch,0,50522,21,0,0,19,159.728,0,0,40.8287,0
19,allocate_send_arrival,53,S55,1,switch,40,50523,106,0,0,19,298.054,0,100,0,0
19,allocate_send_arrival,30,S14,2,switch,31,50521,61,0,0,19,290.433,0,100,0,0
19,allocate_send_arrival,45,S28,2,switch,43,50523,106,0,0,19,227.415,0,100,0,0
19,allocate_send_arrival,40,S29,1,switch,45,50523,106,0,0,19,131.396,0,100,0,0
19,allocate_send_arrival,0,S00,5,terminal,0,50523,106,0,0,19,1000,0,100,0,0
19,allocate_send_arrival,0,S00,5,terminal,0,50522,21,0,0,19,1000,0,79.864,0,0
19,allocate_send_arrival,0,S00,5,terminal,0,50520,12,0,0,19,1000,0,79.864,0,0
19,allocate_send_arrival,0,S00,5,terminal,0,50521,61,0,0,19,1000,0,100,0,0
19,allocate_send_arrival,43,S22,0,switch,0,50523,106,0,0,19,203.304,0,100,0,0
19,allocate_send_arrival,31,S62,3,switch,5,50521,61,0,0,19,238.676,0,100,0,0
19,allocate_send_arrival,6,S02,0,switch,1,50520,12,0,0,19,138.732,0,79.864,0,0
20,allocate_send_buffered,1,S01,0,switch,0,50520,12,0,0,20,159.728,81.6574,40.8287,0,0
20,allocate_send_buffered,1,S01,0,switch,0,50522,21,0,0,20,159.728,81.6574,40.8287,0,0
20,stage_arrival,5,S63,0,switch,0,50521,61,0,0,20,259.679,0,0,100,0
20,stage_arrival,0,S00,5,terminal,0,50520,12,0,0,20,1000,0,0,40.8287,0
20,stage_arrival,0,S00,5,terminal,0,50522,21,0,0,20,1000,0,0,40.8287,0
20,stage_arrival,6,S02,0,switch,1,50520,12,0,0,20,138.732,0,0,79.864,0
20,stage_arrival,43,S22,0,switch,0,50523,106,0,0,20,203.304,0,0,100,0
20,stage_arrival,0,S00,5,terminal,0,50523,106,0,0,20,1000,0,0,100,0
20,stage_arrival,10,S61,0,switch,1,50522,21,0,0,20,227.172,0,0,79.864,0
20,stage_arrival,1,S01,0,switch,0,50522,21,0,0,20,159.728,0,0,79.864,0
20,stage_arrival,0,S00,5,terminal,0,50521,61,0,0,20,1000,0,0,100,0
20,stage_arrival,31,S62,3,switch,5,50521,61,0,0,20,238.676,0,0,100,0
20,stage_arrival_coalesce,0,S00,5,terminal,0,50520,12,0,0,20,1000,0,0,79.864,0
20,stage_arrival,45,S28,2,switch,43,50523,106,0,0,20,227.415,0,0,100,0
20,stage_arrival,30,S14,2,switch,31,50521,61,0,0,20,290.433,0,0,100,0
20,stage_arrival,40,S29,1,switch,45,50523,106,0,0,20,131.396,0,0,100,0
20,stage_arrival_coalesce,0,S00,5,terminal,0,50522,21,0,0,20,1000,0,0,79.864,0
20,stage_arrival,1,S01,0,switch,0,50520,12,0,0,20,159.728,0,0,79.864,0
20,stage_arrival,53,S55,1,switch,40,50523,106,0,0,20,298.054,0,0,100,0
20,allocate_send_arrival,30,S14,2,switch,31,50521,61,0,0,20,290.433,0,100,0,0
20,allocate_send_arrival,45,S28,2,switch,43,50523,106,0,0,20,227.415,0,100,0,0
20,allocate_send_arrival,10,S61,0,switch,1,50522,21,0,0,20,227.172,0,79.864,0,0
20,allocate_send_arrival,6,S02,0,switch,1,50520,12,0,0,20,138.732,0,79.864,0,0
20,allocate_send_arrival,1,S01,0,switch,0,50522,21,0,0,20,159.728,0,39.0353,40.8287,0
20,enqueue_residual,1,S01,0,switch,0,50522,21,0,0,20,159.728,0,0,40.8287,0
20,allocate_send_arrival,1,S01,0,switch,0,50520,12,0,0,20,159.728,0,39.0353,40.8287,0
20,enqueue_residual,1,S01,0,switch,0,50520,12,0,0,20,159.728,0,0,40.8287,0
20,allocate_send_arrival,5,S63,0,switch,0,50521,61,0,0,20,259.679,0,100,0,0
20,allocate_send_arrival,40,S29,1,switch,45,50523,106,0,0,20,131.396,0,100,0,0
20,allocate_send_arrival,31,S62,3,switch,5,50521,61,0,0,20,238.676,0,100,0,0
20,allocate_send_arrival,0,S00,5,terminal,0,50520,12,0,0,20,1000,0,79.864,0,0
20,allocate_send_arrival,0,S00,5,terminal,0,50522,21,0,0,20,1000,0,79.864,0,0
20,allocate_send_arrival,0,S00,5,terminal,0,50523,106,0,0,20,1000,0,100,0,0
20,allocate_send_arrival,0,S00,5,terminal,0,50521,61,0,0,20,1000,0,100,0,0
20,allocate_send_arrival,43,S22,0,switch,0,50523,106,0,0,20,203.304,0,100,0,0
20,allocate_send_arrival,53,S55,1,switch,40,50523,106,0,0,20,298.054,0,100,0,0
21,allocate_send_buffered,1,S01,0,switch,0,50522,21,0,0,21,159.728,81.6574,40.8287,0,0
21,allocate_send_buffered,1,S01,0,switch,0,50520,12,0,0,21,159.728,81.6574,40.8287,0,0
21,stage_arrival,0,S00,5,terminal,0,50522,21,0,0,21,1000,0,0,40.8287,0
21,stage_arrival,31,S62,3,switch,5,50521,61,0,0,21,238.676,0,0,100,0
21,stage_arrival_coalesce,0,S00,5,terminal,0,50522,21,0,0,21,1000,0,0,79.864,0
21,stage_arrival,0,S00,5,terminal,0,50521,61,0,0,21,1000,0,0,100,0
21,stage_arrival,1,S01,0,switch,0,50520,12,0,0,21,159.728,0,0,79.864,0
21,stage_arrival,0,S00,5,terminal,0,50520,12,0,0,21,1000,0,0,39.0353,0
21,stage_arrival,43,S22,0,switch,0,50523,106,0,0,21,203.304,0,0,100,0
21,stage_arrival,45,S28,2,switch,43,50523,106,0,0,21,227.415,0,0,100,0
21,stage_arrival,1,S01,0,switch,0,50522,21,0,0,21,159.728,0,0,79.864,0
21,stage_arrival,6,S02,0,switch,1,50520,12,0,0,21,138.732,0,0,79.864,0
21,stage_arrival_coalesce,0,S00,5,terminal,0,50520,12,0,0,21,1000,0,0,79.864,0
21,stage_arrival,0,S00,5,terminal,0,50523,106,0,0,21,1000,0,0,100,0
21,stage_arrival,5,S63,0,switch,0,50521,61,0,0,21,259.679,0,0,100,0
21,stage_arrival,40,S29,1,switch,45,50523,106,0,0,21,131.396,0,0,100,0
21,stage_arrival,10,S61,0,switch,1,50522,21,0,0,21,227.172,0,0,79.864,0
21,allocate_send_arrival,40,S29,1,switch,45,50523,106,0,0,21,131.396,0,100,0,0
21,allocate_send_arrival,10,S61,0,switch,1,50522,21,0,0,21,227.172,0,79.864,0,0
21,allocate_send_arrival,6,S02,0,switch,1,50520,12,0,0,21,138.732,0,79.864,0,0
21,allocate_send_arrival,45,S28,2,switch,43,50523,106,0,0,21,227.415,0,100,0,0
21,allocate_send_arrival,43,S22,0,switch,0,50523,106,0,0,21,203.304,0,100,0,0
21,allocate_send_arrival,31,S62,3,switch,5,50521,61,0,0,21,238.676,0,100,0,0
21,allocate_send_arrival,0,S00,5,terminal,0,50522,21,0,0,21,1000,0,79.864,0,0
21,allocate_send_arrival,0,S00,5,terminal,0,50521,61,0,0,21,1000,0,100,0,0
21,allocate_send_arrival,0,S00,5,terminal,0,50520,12,0,0,21,1000,0,79.864,0,0
21,allocate_send_arrival,0,S00,5,terminal,0,50523,106,0,0,21,1000,0,100,0,0
21,allocate_send_arrival,5,S63,0,switch,0,50521,61,0,0,21,259.679,0,100,0,0
21,allocate_send_arrival,1,S01,0,switch,0,50520,12,0,0,21,159.728,0,39.0353,40.8287,0
21,enqueue_residual,1,S01,0,switch,0,50520,12,0,0,21,159.728,0,0,40.8287,0
21,allocate_send_arrival,1,S01,0,switch,0,50522,21,0,0,21,159.728,0,39.0353,40.8287,0
21,enqueue_residual,1,S01,0,switch,0,50522,21,0,0,21,159.728,0,0,40.8287,0
22,allocate_send_buffered,1,S01,0,switch,0,50520,12,0,0,22,159.728,81.6574,40.8287,0,0
22,allocate_send_buffered,1,S01,0,switch,0,50522,21,0,0,22,159.728,81.6574,40.8287,0,0
22,stage_arrival,0,S00,5,terminal,0,50522,21,0,0,22,1000,0,0,40.8287,0
22,stage_arrival_coalesce,0,S00,5,terminal,0,50522,21,0,0,22,1000,0,0,79.864,0
22,stage_arrival,10,S61,0,switch,1,50522,21,0,0,22,227.172,0,0,79.864,0
22,stage_arrival,0,S00,5,terminal,0,50520,12,0,0,22,1000,0,0,39.0353,0
22,stage_arrival,0,S00,5,terminal,0,50521,61,0,0,22,1000,0,0,100,0
22,stage_arrival,0,S00,5,terminal,0,50523,106,0,0,22,1000,0,0,100,0
22,stage_arrival,6,S02,0,switch,1,50520,12,0,0,22,138.732,0,0,79.864,0
22,stage_arrival,1,S01,0,switch,0,50520,12,0,0,22,159.728,0,0,79.864,0
22,stage_arrival,5,S63,0,switch,0,50521,61,0,0,22,259.679,0,0,100,0
22,stage_arrival,45,S28,2,switch,43,50523,106,0,0,22,227.415,0,0,100,0
22,stage_arrival,43,S22,0,switch,0,50523,106,0,0,22,203.304,0,0,100,0
22,stage_arrival_coalesce,0,S00,5,terminal,0,50520,12,0,0,22,1000,0,0,79.864,0
22,stage_arrival,1,S01,0,switch,0,50522,21,0,0,22,159.728,0,0,79.864,0
22,allocate_send_arrival,6,S02,0,switch,1,50520,12,0,0,22,138.732,0,79.864,0,0
22,allocate_send_arrival,43,S22,0,switch,0,50523,106,0,0,22,203.304,0,100,0,0
22,allocate_send_arrival,5,S63,0,switch,0,50521,61,0,0,22,259.679,0,100,0,0
22,allocate_send_arrival,0,S00,5,terminal,0,50522,21,0,0,22,1000,0,79.864,0,0
22,allocate_send_arrival,0,S00,5,terminal,0,50520,12,0,0,22,1000,0,79.864,0,0
22,allocate_send_arrival,0,S00,5,terminal,0,50521,61,0,0,22,1000,0,100,0,0
22,allocate_send_arrival,0,S00,5,terminal,0,50523,106,0,0,22,1000,0,100,0,0
22,allocate_send_arrival,45,S28,2,switch,43,50523,106,0,0,22,227.415,0,100,0,0
22,allocate_send_arrival,10,S61,0,switch,1,50522,21,0,0,22,227.172,0,79.864,0,0
22,allocate_send_arrival,1,S01,0,switch,0,50520,12,0,0,22,159.728,0,39.0353,40.8287,0
22,enqueue_residual,1,S01,0,switch,0,50520,12,0,0,22,159.728,0,0,40.8287,0
22,allocate_send_arrival,1,S01,0,switch,0,50522,21,0,0,22,159.728,0,39.0353,40.8287,0
22,enqueue_residual,1,S01,0,switch,0,50522,21,0,0,22,159.728,0,0,40.8287,0
23,allocate_send_buffered,1,S01,0,switch,0,50520,12,0,0,23,159.728,81.6574,40.8287,0,0
23,allocate_send_buffered,1,S01,0,switch,0,50522,21,0,0,23,159.728,81.6574,40.8287,0,0
23,stage_arrival,0,S00,5,terminal,0,50521,61,0,0,23,1000,0,0,100,0
23,stage_arrival,0,S00,5,terminal,0,50522,21,0,0,23,1000,0,0,39.0353,0
23,stage_arrival,0,S00,5,terminal,0,50520,12,0,0,23,1000,0,0,39.0353,0
23,stage_arrival,43,S22,0,switch,0,50523,106,0,0,23,203.304,0,0,100,0
23,stage_arrival,10,S61,0,switch,1,50522,21,0,0,23,227.172,0,0,79.864,0
23,stage_arrival,1,S01,0,switch,0,50522,21,0,0,23,159.728,0,0,79.864,0
23,stage_arrival,1,S01,0,switch,0,50520,12,0,0,23,159.728,0,0,79.864,0
23,stage_arrival_coalesce,0,S00,5,terminal,0,50520,12,0,0,23,1000,0,0,79.864,0
23,stage_arrival_coalesce,0,S00,5,terminal,0,50522,21,0,0,23,1000,0,0,79.864,0
23,stage_arrival,0,S00,5,terminal,0,50523,106,0,0,23,1000,0,0,100,0
23,stage_arrival,6,S02,0,switch,1,50520,12,0,0,23,138.732,0,0,79.864,0
23,allocate_send_arrival,10,S61,0,switch,1,50522,21,0,0,23,227.172,0,79.864,0,0
23,allocate_send_arrival,43,S22,0,switch,0,50523,106,0,0,23,203.304,0,100,0,0
23,allocate_send_arrival,1,S01,0,switch,0,50522,21,0,0,23,159.728,0,39.0353,40.8287,0
23,enqueue_residual,1,S01,0,switch,0,50522,21,0,0,23,159.728,0,0,40.8287,0
23,allocate_send_arrival,1,S01,0,switch,0,50520,12,0,0,23,159.728,0,39.0353,40.8287,0
23,enqueue_residual,1,S01,0,switch,0,50520,12,0,0,23,159.728,0,0,40.8287,0
23,allocate_send_arrival,0,S00,5,terminal,0,50521,61,0,0,23,1000,0,100,0,0
23,allocate_send_arrival,0,S00,5,terminal,0,50522,21,0,0,23,1000,0,79.864,0,0
23,allocate_send_arrival,0,S00,5,terminal,0,50520,12,0,0,23,1000,0,79.864,0,0
23,allocate_send_arrival,0,S00,5,terminal,0,50523,106,0,0,23,1000,0,100,0,0
23,allocate_send_arrival,6,S02,0,switch,1,50520,12,0,0,23,138.732,0,79.864,0,0
24,allocate_send_buffered,1,S01,0,switch,0,50522,21,0,0,24,159.728,81.6574,40.8287,0,0
24,allocate_send_buffered,1,S01,0,switch,0,50520,12,0,0,24,159.728,81.6574,40.8287,0,0
24,stage_arrival,0,S00,5,terminal,0,50522,21,0,0,24,1000,0,0,40.8287,0
24,stage_arrival,0,S00,5,terminal,0,50523,106,0,0,24,1000,0,0,100,0
24,stage_arrival,10,S61,0,switch,1,50522,21,0,0,24,227.172,0,0,79.864,0
24,stage_arrival,1,S01,0,switch,0,50522,21,0,0,24,159.728,0,0,79.864,0
24,stage_arrival,0,S00,5,terminal,0,50520,12,0,0,24,1000,0,0,39.0353,0
24,stage_arrival,1,S01,0,switch,0,50520,12,0,0,24,159.728,0,0,79.864,0
24,stage_arrival_coalesce,0,S00,5,terminal,0,50522,21,0,0,24,1000,0,0,79.864,0
24,stage_arrival,6,S02,0,switch,1,50520,12,0,0,24,138.732,0,0,79.864,0
24,stage_arrival_coalesce,0,S00,5,terminal,0,50520,12,0,0,24,1000,0,0,79.864,0
24,allocate_send_arrival,1,S01,0,switch,0,50522,21,0,0,24,159.728,0,39.0353,40.8287,0
24,enqueue_residual,1,S01,0,switch,0,50522,21,0,0,24,159.728,0,0,40.8287,0
24,allocate_send_arrival,1,S01,0,switch,0,50520,12,0,0,24,159.728,0,39.0353,40.8287,0
24,enqueue_residual,1,S01,0,switch,0,50520,12,0,0,24,159.728,0,0,40.8287,0
24,allocate_send_arrival,6,S02,0,switch,1,50520,12,0,0,24,138.732,0,79.864,0,0
24,allocate_send_arrival,0,S00,5,terminal,0,50522,21,0,0,24,1000,0,79.864,0,0
24,allocate_send_arrival,0,S00,5,terminal,0,50523,106,0,0,24,1000,0,100,0,0
24,allocate_send_arrival,0,S00,5,terminal,0,50520,12,0,0,24,1000,0,79.864,0,0
24,allocate_send_arrival,10,S61,0,switch,1,50522,21,0,0,24,227.172,0,79.864,0,0
25,allocate_send_buffered,1,S01,0,switch,0,50522,21,0,0,25,159.728,81.6574,40.8287,0,0
25,allocate_send_buffered,1,S01,0,switch,0,50520,12,0,0,25,159.728,81.6574,40.8287,0,0
25,stage_arrival,1,S01,0,switch,0,50522,21,0,0,25,159.728,0,0,79.864,0
25,stage_arrival,0,S00,5,terminal,0,50522,21,0,0,25,1000,0,0,40.8287,0
25,stage_arrival,6,S02,0,switch,1,50520,12,0,0,25,138.732,0,0,42.6741,0
25,stage_arrival,0,S00,5,terminal,0,50520,12,0,0,25,1000,0,0,40.8287,0
25,stage_arrival,1,S01,0,switch,0,50520,12,0,0,25,159.728,0,0,79.864,0
25,stage_arrival,10,S61,0,switch,1,50522,21,0,0,25,227.172,0,0,42.1965,0
25,stage_arrival_coalesce,0,S00,5,terminal,0,50520,12,0,0,25,1000,0,0,79.864,0
25,stage_arrival_coalesce,0,S00,5,terminal,0,50522,21,0,0,25,1000,0,0,79.864,0
25,allocate_send_arrival,10,S61,0,switch,1,50522,21,0,0,25,227.172,0,42.1965,0,0
25,allocate_send_arrival,0,S00,5,terminal,0,50522,21,0,0,25,1000,0,79.864,0,0
25,allocate_send_arrival,0,S00,5,terminal,0,50520,12,0,0,25,1000,0,79.864,0,0
25,allocate_send_arrival,6,S02,0,switch,1,50520,12,0,0,25,138.732,0,42.6741,0,0
25,allocate_send_arrival,1,S01,0,switch,0,50522,21,0,0,25,159.728,0,39.0353,40.8287,0
25,enqueue_residual,1,S01,0,switch,0,50522,21,0,0,25,159.728,0,0,40.8287,0
25,allocate_send_arrival,1,S01,0,switch,0,50520,12,0,0,25,159.728,0,39.0353,40.8287,0
25,enqueue_residual,1,S01,0,switch,0,50520,12,0,0,25,159.728,0,0,40.8287,0
26,allocate_send_buffered,1,S01,0,switch,0,50522,21,0,0,26,159.728,81.6574,40.8287,0,0
26,allocate_send_buffered,1,S01,0,switch,0,50520,12,0,0,26,159.728,81.6574,40.8287,0,0
26,stage_arrival,0,S00,5,terminal,0,50520,12,0,0,26,1000,0,0,39.0353,0
26,stage_arrival,0,S00,5,terminal,0,50522,21,0,0,26,1000,0,0,39.0353,0
26,stage_arrival,1,S01,0,switch,0,50520,12,0,0,26,159.728,0,0,42.6741,0
26,stage_arrival,1,S01,0,switch,0,50522,21,0,0,26,159.728,0,0,42.1965,0
26,stage_arrival_coalesce,0,S00,5,terminal,0,50520,12,0,0,26,1000,0,0,79.864,0
26,stage_arrival_coalesce,0,S00,5,terminal,0,50522,21,0,0,26,1000,0,0,79.864,0
26,allocate_send_arrival,1,S01,0,switch,0,50520,12,0,0,26,159.728,0,39.0353,3.63879,0
26,enqueue_residual,1,S01,0,switch,0,50520,12,0,0,26,159.728,0,0,3.63879,0
26,allocate_send_arrival,1,S01,0,switch,0,50522,21,0,0,26,159.728,0,39.0353,3.16121,0
26,enqueue_residual,1,S01,0,switch,0,50522,21,0,0,26,159.728,0,0,3.16121,0
26,allocate_send_arrival,0,S00,5,terminal,0,50520,12,0,0,26,1000,0,79.864,0,0
26,allocate_send_arrival,0,S00,5,terminal,0,50522,21,0,0,26,1000,0,79.864,0,0
27,allocate_send_buffered,1,S01,0,switch,0,50520,12,0,0,27,159.728,6.8,3.63879,0,0
27,allocate_send_buffered,1,S01,0,switch,0,50522,21,0,0,27,159.728,6.8,3.16121,0,0
27,stage_arrival,0,S00,5,terminal,0,50520,12,0,0,27,1000,0,0,39.0353,0
27,stage_arrival,0,S00,5,terminal,0,50522,21,0,0,27,1000,0,0,39.0353,0
27,stage_arrival_coalesce,0,S00,5,terminal,0,50520,12,0,0,27,1000,0,0,79.864,0
27,stage_arrival_coalesce,0,S00,5,terminal,0,50522,21,0,0,27,1000,0,0,79.864,0
27,allocate_send_arrival,0,S00,5,terminal,0,50520,12,0,0,27,1000,0,79.864,0,0
27,allocate_send_arrival,0,S00,5,terminal,0,50522,21,0,0,27,1000,0,79.864,0,0
28,stage_arrival,0,S00,5,terminal,0,50522,21,0,0,28,1000,0,0,3.16121,0
28,stage_arrival,0,S00,5,terminal,0,50520,12,0,0,28,1000,0,0,3.63879,0
28,allocate_send_arrival,0,S00,5,terminal,0,50522,21,0,0,28,1000,0,3.16121,0,0
28,allocate_send_arrival,0,S00,5,terminal,0,50520,12,0,0,28,1000,0,3.63879,0,0
